{"state": "{\"boss_hp\": 70, \"boss_max_hp\": 70, \"boss_rage\": 0, \"skill_cooldowns\": {\"horizontal_shot\": 0, \"vertical_shot\": 0, \"heal\": 0}, \"unit_counts\": {\"Tank\": 0, \"Knight\": 0, \"AD\": 0}, \"current_round\": 1}", "action": "select_Tank", "round": 1, "timestamp": "2025-07-24T01:35:29.334089"}
{"state": "{\"boss_hp\": 70, \"boss_max_hp\": 70, \"boss_rage\": 0, \"skill_cooldowns\": {\"horizontal_shot\": 0, \"vertical_shot\": 0, \"heal\": 0}, \"unit_counts\": {\"Tank\": 1, \"Knight\": 0, \"AD\": 0}, \"current_round\": 1}", "action": "place_Tank_0_0", "round": 1, "timestamp": "2025-07-24T01:35:29.965455"}
{"state": "{\"boss_hp\": 70, \"boss_max_hp\": 70, \"boss_rage\": 0, \"skill_cooldowns\": {\"horizontal_shot\": 0, \"vertical_shot\": 0, \"heal\": 0}, \"unit_counts\": {\"Tank\": 1, \"Knight\": 0, \"AD\": 0}, \"current_round\": 1}", "action": "select_Tank", "round": 1, "timestamp": "2025-07-24T01:35:30.755982"}
{"state": "{\"boss_hp\": 70, \"boss_max_hp\": 70, \"boss_rage\": 0, \"skill_cooldowns\": {\"horizontal_shot\": 0, \"vertical_shot\": 0, \"heal\": 0}, \"unit_counts\": {\"Tank\": 2, \"Knight\": 0, \"AD\": 0}, \"current_round\": 1}", "action": "place_Tank_0_1", "round": 1, "timestamp": "2025-07-24T01:35:31.533857"}
{"state": "{\"boss_hp\": 70, \"boss_max_hp\": 70, \"boss_rage\": 0, \"skill_cooldowns\": {\"horizontal_shot\": 0, \"vertical_shot\": 0, \"heal\": 0}, \"unit_counts\": {\"Tank\": 2, \"Knight\": 0, \"AD\": 0}, \"current_round\": 1}", "action": "select_Knight", "round": 1, "timestamp": "2025-07-24T01:35:32.100801"}
{"state": "{\"boss_hp\": 70, \"boss_max_hp\": 70, \"boss_rage\": 0, \"skill_cooldowns\": {\"horizontal_shot\": 0, \"vertical_shot\": 0, \"heal\": 0}, \"unit_counts\": {\"Tank\": 2, \"Knight\": 1, \"AD\": 0}, \"current_round\": 1}", "action": "place_Knight_1_0", "round": 1, "timestamp": "2025-07-24T01:35:32.732652"}
{"state": "{\"boss_hp\": 70, \"boss_max_hp\": 70, \"boss_rage\": 0, \"skill_cooldowns\": {\"horizontal_shot\": 0, \"vertical_shot\": 0, \"heal\": 0}, \"unit_counts\": {\"Tank\": 2, \"Knight\": 1, \"AD\": 0}, \"current_round\": 1}", "action": "select_Knight", "round": 1, "timestamp": "2025-07-24T01:35:33.756551"}
{"state": "{\"boss_hp\": 70, \"boss_max_hp\": 70, \"boss_rage\": 0, \"skill_cooldowns\": {\"horizontal_shot\": 0, \"vertical_shot\": 0, \"heal\": 0}, \"unit_counts\": {\"Tank\": 2, \"Knight\": 2, \"AD\": 0}, \"current_round\": 1}", "action": "place_Knight_1_1", "round": 1, "timestamp": "2025-07-24T01:35:34.485070"}
{"state": "{\"boss_hp\": 70, \"boss_max_hp\": 70, \"boss_rage\": 0, \"skill_cooldowns\": {\"horizontal_shot\": 0, \"vertical_shot\": 0, \"heal\": 0}, \"unit_counts\": {\"Tank\": 2, \"Knight\": 2, \"AD\": 0}, \"current_round\": 1}", "action": "select_AD", "round": 1, "timestamp": "2025-07-24T01:35:35.268033"}
{"state": "{\"boss_hp\": 70, \"boss_max_hp\": 70, \"boss_rage\": 0, \"skill_cooldowns\": {\"horizontal_shot\": 0, \"vertical_shot\": 0, \"heal\": 0}, \"unit_counts\": {\"Tank\": 2, \"Knight\": 2, \"AD\": 1}, \"current_round\": 1}", "action": "place_AD_1_3", "round": 1, "timestamp": "2025-07-24T01:35:35.850886"}
{"state": "{\"boss_hp\": 70, \"boss_max_hp\": 70, \"boss_rage\": 0, \"skill_cooldowns\": {\"horizontal_shot\": 0, \"vertical_shot\": 0, \"heal\": 0}, \"unit_counts\": {\"Tank\": 2, \"Knight\": 2, \"AD\": 1}, \"current_round\": 1}", "action": "select_AD", "round": 1, "timestamp": "2025-07-24T01:35:36.468133"}
{"state": "{\"boss_hp\": 70, \"boss_max_hp\": 70, \"boss_rage\": 0, \"skill_cooldowns\": {\"horizontal_shot\": 0, \"vertical_shot\": 0, \"heal\": 0}, \"unit_counts\": {\"Tank\": 2, \"Knight\": 2, \"AD\": 2}, \"current_round\": 1}", "action": "place_AD_2_2", "round": 1, "timestamp": "2025-07-24T01:35:37.201086"}
{"state": "{\"boss_hp\": 70, \"boss_max_hp\": 70, \"boss_rage\": 0, \"skill_cooldowns\": {\"horizontal_shot\": 0, \"vertical_shot\": 0, \"heal\": 0}, \"unit_counts\": {\"Tank\": 2, \"Knight\": 2, \"AD\": 2}, \"current_round\": 1}", "action": "select_AD", "round": 1, "timestamp": "2025-07-24T01:35:37.934131"}
{"state": "{\"boss_hp\": 70, \"boss_max_hp\": 70, \"boss_rage\": 0, \"skill_cooldowns\": {\"horizontal_shot\": 0, \"vertical_shot\": 0, \"heal\": 0}, \"unit_counts\": {\"Tank\": 2, \"Knight\": 2, \"AD\": 3}, \"current_round\": 1}", "action": "place_AD_3_1", "round": 1, "timestamp": "2025-07-24T01:35:38.667878"}
{"state": "{\"boss_hp\": 64, \"boss_max_hp\": 70, \"boss_rage\": 1, \"skill_cooldowns\": {\"horizontal_shot\": 1, \"vertical_shot\": 0, \"heal\": 0}, \"unit_counts\": {\"Tank\": 2, \"Knight\": 2, \"AD\": 2}, \"current_round\": 2}", "action": "select_Knight", "round": 2, "timestamp": "2025-07-24T01:35:43.516456"}
{"state": "{\"boss_hp\": 64, \"boss_max_hp\": 70, \"boss_rage\": 1, \"skill_cooldowns\": {\"horizontal_shot\": 1, \"vertical_shot\": 0, \"heal\": 0}, \"unit_counts\": {\"Tank\": 2, \"Knight\": 3, \"AD\": 2}, \"current_round\": 2}", "action": "place_Knight_0_2", "round": 2, "timestamp": "2025-07-24T01:35:44.556209"}
{"state": "{\"boss_hp\": 64, \"boss_max_hp\": 70, \"boss_rage\": 1, \"skill_cooldowns\": {\"horizontal_shot\": 1, \"vertical_shot\": 0, \"heal\": 0}, \"unit_counts\": {\"Tank\": 2, \"Knight\": 3, \"AD\": 2}, \"current_round\": 2}", "action": "select_AD", "round": 2, "timestamp": "2025-07-24T01:35:45.168324"}
{"state": "{\"boss_hp\": 64, \"boss_max_hp\": 70, \"boss_rage\": 1, \"skill_cooldowns\": {\"horizontal_shot\": 1, \"vertical_shot\": 0, \"heal\": 0}, \"unit_counts\": {\"Tank\": 2, \"Knight\": 3, \"AD\": 3}, \"current_round\": 2}", "action": "place_AD_1_3", "round": 2, "timestamp": "2025-07-24T01:35:46.056967"}
{"state": "{\"boss_hp\": 56, \"boss_max_hp\": 70, \"boss_rage\": 2, \"skill_cooldowns\": {\"horizontal_shot\": 0, \"vertical_shot\": 1, \"heal\": 0}, \"unit_counts\": {\"Tank\": 1, \"Knight\": 2, \"AD\": 3}, \"current_round\": 3}", "action": "select_Knight", "round": 3, "timestamp": "2025-07-24T01:35:50.890238"}
{"state": "{\"boss_hp\": 56, \"boss_max_hp\": 70, \"boss_rage\": 2, \"skill_cooldowns\": {\"horizontal_shot\": 0, \"vertical_shot\": 1, \"heal\": 0}, \"unit_counts\": {\"Tank\": 1, \"Knight\": 3, \"AD\": 3}, \"current_round\": 3}", "action": "place_Knight_1_1", "round": 3, "timestamp": "2025-07-24T01:35:51.834402"}
{"state": "{\"boss_hp\": 56, \"boss_max_hp\": 70, \"boss_rage\": 2, \"skill_cooldowns\": {\"horizontal_shot\": 0, \"vertical_shot\": 1, \"heal\": 0}, \"unit_counts\": {\"Tank\": 1, \"Knight\": 3, \"AD\": 3}, \"current_round\": 3}", "action": "select_AD", "round": 3, "timestamp": "2025-07-24T01:35:52.551439"}
{"state": "{\"boss_hp\": 56, \"boss_max_hp\": 70, \"boss_rage\": 2, \"skill_cooldowns\": {\"horizontal_shot\": 0, \"vertical_shot\": 1, \"heal\": 0}, \"unit_counts\": {\"Tank\": 1, \"Knight\": 3, \"AD\": 4}, \"current_round\": 3}", "action": "place_AD_2_0", "round": 3, "timestamp": "2025-07-24T01:35:53.266285"}
{"state": "{\"boss_hp\": 48, \"boss_max_hp\": 70, \"boss_rage\": 3, \"skill_cooldowns\": {\"horizontal_shot\": 1, \"vertical_shot\": 0, \"heal\": 0}, \"unit_counts\": {\"Tank\": 1, \"Knight\": 2, \"AD\": 3}, \"current_round\": 4}", "action": "select_Knight", "round": 4, "timestamp": "2025-07-24T01:35:57.901387"}
{"state": "{\"boss_hp\": 48, \"boss_max_hp\": 70, \"boss_rage\": 3, \"skill_cooldowns\": {\"horizontal_shot\": 1, \"vertical_shot\": 0, \"heal\": 0}, \"unit_counts\": {\"Tank\": 1, \"Knight\": 3, \"AD\": 3}, \"current_round\": 4}", "action": "place_Knight_3_3", "round": 4, "timestamp": "2025-07-24T01:35:58.768158"}
{"state": "{\"boss_hp\": 48, \"boss_max_hp\": 70, \"boss_rage\": 3, \"skill_cooldowns\": {\"horizontal_shot\": 1, \"vertical_shot\": 0, \"heal\": 0}, \"unit_counts\": {\"Tank\": 1, \"Knight\": 3, \"AD\": 3}, \"current_round\": 4}", "action": "select_AD", "round": 4, "timestamp": "2025-07-24T01:36:00.234361"}
{"state": "{\"boss_hp\": 48, \"boss_max_hp\": 70, \"boss_rage\": 3, \"skill_cooldowns\": {\"horizontal_shot\": 1, \"vertical_shot\": 0, \"heal\": 0}, \"unit_counts\": {\"Tank\": 1, \"Knight\": 3, \"AD\": 4}, \"current_round\": 4}", "action": "place_AD_1_3", "round": 4, "timestamp": "2025-07-24T01:36:01.901806"}
{"state": "{\"boss_hp\": 47, \"boss_max_hp\": 70, \"boss_rage\": 3, \"skill_cooldowns\": {\"horizontal_shot\": 0, \"vertical_shot\": 0, \"heal\": 2}, \"unit_counts\": {\"Tank\": 1, \"Knight\": 3, \"AD\": 4}, \"current_round\": 5}", "action": "select_Knight", "round": 5, "timestamp": "2025-07-24T01:36:10.739602"}
{"state": "{\"boss_hp\": 47, \"boss_max_hp\": 70, \"boss_rage\": 3, \"skill_cooldowns\": {\"horizontal_shot\": 0, \"vertical_shot\": 0, \"heal\": 2}, \"unit_counts\": {\"Tank\": 1, \"Knight\": 4, \"AD\": 4}, \"current_round\": 5}", "action": "place_Knight_1_0", "round": 5, "timestamp": "2025-07-24T01:36:12.067833"}
{"state": "{\"boss_hp\": 47, \"boss_max_hp\": 70, \"boss_rage\": 3, \"skill_cooldowns\": {\"horizontal_shot\": 0, \"vertical_shot\": 0, \"heal\": 2}, \"unit_counts\": {\"Tank\": 1, \"Knight\": 4, \"AD\": 4}, \"current_round\": 5}", "action": "select_AD", "round": 5, "timestamp": "2025-07-24T01:36:12.857412"}
{"state": "{\"boss_hp\": 47, \"boss_max_hp\": 70, \"boss_rage\": 3, \"skill_cooldowns\": {\"horizontal_shot\": 0, \"vertical_shot\": 0, \"heal\": 2}, \"unit_counts\": {\"Tank\": 1, \"Knight\": 4, \"AD\": 5}, \"current_round\": 5}", "action": "place_AD_0_1", "round": 5, "timestamp": "2025-07-24T01:36:13.468955"}
{"state": "{\"boss_hp\": 38, \"boss_max_hp\": 70, \"boss_rage\": 3, \"skill_cooldowns\": {\"horizontal_shot\": 0, \"vertical_shot\": 1, \"heal\": 1}, \"unit_counts\": {\"Tank\": 1, \"Knight\": 3, \"AD\": 3}, \"current_round\": 6}", "action": "select_Knight", "round": 6, "timestamp": "2025-07-24T01:36:18.034760"}
{"state": "{\"boss_hp\": 38, \"boss_max_hp\": 70, \"boss_rage\": 3, \"skill_cooldowns\": {\"horizontal_shot\": 0, \"vertical_shot\": 1, \"heal\": 1}, \"unit_counts\": {\"Tank\": 1, \"Knight\": 4, \"AD\": 3}, \"current_round\": 6}", "action": "place_Knight_1_1", "round": 6, "timestamp": "2025-07-24T01:36:18.690802"}
{"state": "{\"boss_hp\": 38, \"boss_max_hp\": 70, \"boss_rage\": 3, \"skill_cooldowns\": {\"horizontal_shot\": 0, \"vertical_shot\": 1, \"heal\": 1}, \"unit_counts\": {\"Tank\": 1, \"Knight\": 4, \"AD\": 3}, \"current_round\": 6}", "action": "select_AD", "round": 6, "timestamp": "2025-07-24T01:36:20.001375"}
{"state": "{\"boss_hp\": 38, \"boss_max_hp\": 70, \"boss_rage\": 3, \"skill_cooldowns\": {\"horizontal_shot\": 0, \"vertical_shot\": 1, \"heal\": 1}, \"unit_counts\": {\"Tank\": 1, \"Knight\": 4, \"AD\": 4}, \"current_round\": 6}", "action": "place_AD_3_1", "round": 6, "timestamp": "2025-07-24T01:36:20.884675"}
{"state": "{\"boss_hp\": 28, \"boss_max_hp\": 70, \"boss_rage\": 3, \"skill_cooldowns\": {\"horizontal_shot\": 1, \"vertical_shot\": 0, \"heal\": 0}, \"unit_counts\": {\"Tank\": 1, \"Knight\": 4, \"AD\": 3}, \"current_round\": 7}", "action": "select_Knight", "round": 7, "timestamp": "2025-07-24T01:36:26.268667"}
{"state": "{\"boss_hp\": 28, \"boss_max_hp\": 70, \"boss_rage\": 3, \"skill_cooldowns\": {\"horizontal_shot\": 1, \"vertical_shot\": 0, \"heal\": 0}, \"unit_counts\": {\"Tank\": 1, \"Knight\": 5, \"AD\": 3}, \"current_round\": 7}", "action": "place_Knight_1_3", "round": 7, "timestamp": "2025-07-24T01:36:26.952473"}
{"state": "{\"boss_hp\": 28, \"boss_max_hp\": 70, \"boss_rage\": 3, \"skill_cooldowns\": {\"horizontal_shot\": 1, \"vertical_shot\": 0, \"heal\": 0}, \"unit_counts\": {\"Tank\": 1, \"Knight\": 5, \"AD\": 3}, \"current_round\": 7}", "action": "select_AD", "round": 7, "timestamp": "2025-07-24T01:36:28.085793"}
{"state": "{\"boss_hp\": 28, \"boss_max_hp\": 70, \"boss_rage\": 3, \"skill_cooldowns\": {\"horizontal_shot\": 1, \"vertical_shot\": 0, \"heal\": 0}, \"unit_counts\": {\"Tank\": 1, \"Knight\": 5, \"AD\": 4}, \"current_round\": 7}", "action": "place_AD_0_1", "round": 7, "timestamp": "2025-07-24T01:36:28.851678"}
{"state": "{\"boss_hp\": 25, \"boss_max_hp\": 70, \"boss_rage\": 3, \"skill_cooldowns\": {\"horizontal_shot\": 0, \"vertical_shot\": 0, \"heal\": 2}, \"unit_counts\": {\"Tank\": 1, \"Knight\": 5, \"AD\": 4}, \"current_round\": 8}", "action": "select_AD", "round": 8, "timestamp": "2025-07-24T01:36:34.969043"}
{"state": "{\"boss_hp\": 25, \"boss_max_hp\": 70, \"boss_rage\": 3, \"skill_cooldowns\": {\"horizontal_shot\": 0, \"vertical_shot\": 0, \"heal\": 2}, \"unit_counts\": {\"Tank\": 1, \"Knight\": 5, \"AD\": 4}, \"current_round\": 8}", "action": "select_Knight", "round": 8, "timestamp": "2025-07-24T01:36:35.451830"}
{"state": "{\"boss_hp\": 25, \"boss_max_hp\": 70, \"boss_rage\": 3, \"skill_cooldowns\": {\"horizontal_shot\": 0, \"vertical_shot\": 0, \"heal\": 2}, \"unit_counts\": {\"Tank\": 1, \"Knight\": 6, \"AD\": 4}, \"current_round\": 8}", "action": "place_Knight_0_3", "round": 8, "timestamp": "2025-07-24T01:36:36.419016"}
{"state": "{\"boss_hp\": 25, \"boss_max_hp\": 70, \"boss_rage\": 3, \"skill_cooldowns\": {\"horizontal_shot\": 0, \"vertical_shot\": 0, \"heal\": 2}, \"unit_counts\": {\"Tank\": 1, \"Knight\": 6, \"AD\": 4}, \"current_round\": 8}", "action": "select_AD", "round": 8, "timestamp": "2025-07-24T01:36:37.068381"}
{"state": "{\"boss_hp\": 25, \"boss_max_hp\": 70, \"boss_rage\": 3, \"skill_cooldowns\": {\"horizontal_shot\": 0, \"vertical_shot\": 0, \"heal\": 2}, \"unit_counts\": {\"Tank\": 1, \"Knight\": 6, \"AD\": 5}, \"current_round\": 8}", "action": "place_AD_3_0", "round": 8, "timestamp": "2025-07-24T01:36:37.851700"}
{"state": "{\"boss_hp\": 11, \"boss_max_hp\": 70, \"boss_rage\": 3, \"skill_cooldowns\": {\"horizontal_shot\": 1, \"vertical_shot\": 0, \"heal\": 1}, \"unit_counts\": {\"Tank\": 1, \"Knight\": 6, \"AD\": 4}, \"current_round\": 9}", "action": "select_AD", "round": 9, "timestamp": "2025-07-24T01:36:42.951950"}
{"state": "{\"boss_hp\": 11, \"boss_max_hp\": 70, \"boss_rage\": 3, \"skill_cooldowns\": {\"horizontal_shot\": 1, \"vertical_shot\": 0, \"heal\": 1}, \"unit_counts\": {\"Tank\": 1, \"Knight\": 6, \"AD\": 5}, \"current_round\": 9}", "action": "place_AD_0_1", "round": 9, "timestamp": "2025-07-24T01:36:43.668587"}
{"state": "{\"boss_hp\": 11, \"boss_max_hp\": 70, \"boss_rage\": 3, \"skill_cooldowns\": {\"horizontal_shot\": 1, \"vertical_shot\": 0, \"heal\": 1}, \"unit_counts\": {\"Tank\": 1, \"Knight\": 6, \"AD\": 5}, \"current_round\": 9}", "action": "select_Knight", "round": 9, "timestamp": "2025-07-24T01:36:44.402567"}
{"state": "{\"boss_hp\": 11, \"boss_max_hp\": 70, \"boss_rage\": 3, \"skill_cooldowns\": {\"horizontal_shot\": 1, \"vertical_shot\": 0, \"heal\": 1}, \"unit_counts\": {\"Tank\": 1, \"Knight\": 7, \"AD\": 5}, \"current_round\": 9}", "action": "place_Knight_2_3", "round": 9, "timestamp": "2025-07-24T01:36:45.201970"}
{"state": "{\"boss_hp\": 70, \"boss_max_hp\": 70, \"boss_rage\": 0, \"skill_cooldowns\": {\"horizontal_shot\": 0, \"vertical_shot\": 0, \"heal\": 0}, \"unit_counts\": {\"Tank\": 0, \"Knight\": 0, \"AD\": 0}, \"current_round\": 1}", "action": "select_Tank", "round": 1, "timestamp": "2025-07-24T01:36:57.369873"}
{"state": "{\"boss_hp\": 70, \"boss_max_hp\": 70, \"boss_rage\": 0, \"skill_cooldowns\": {\"horizontal_shot\": 0, \"vertical_shot\": 0, \"heal\": 0}, \"unit_counts\": {\"Tank\": 1, \"Knight\": 0, \"AD\": 0}, \"current_round\": 1}", "action": "place_Tank_0_0", "round": 1, "timestamp": "2025-07-24T01:36:58.084081"}
{"state": "{\"boss_hp\": 70, \"boss_max_hp\": 70, \"boss_rage\": 0, \"skill_cooldowns\": {\"horizontal_shot\": 0, \"vertical_shot\": 0, \"heal\": 0}, \"unit_counts\": {\"Tank\": 1, \"Knight\": 0, \"AD\": 0}, \"current_round\": 1}", "action": "select_Tank", "round": 1, "timestamp": "2025-07-24T01:36:58.752660"}
{"state": "{\"boss_hp\": 70, \"boss_max_hp\": 70, \"boss_rage\": 0, \"skill_cooldowns\": {\"horizontal_shot\": 0, \"vertical_shot\": 0, \"heal\": 0}, \"unit_counts\": {\"Tank\": 2, \"Knight\": 0, \"AD\": 0}, \"current_round\": 1}", "action": "place_Tank_0_1", "round": 1, "timestamp": "2025-07-24T01:36:59.368524"}
{"state": "{\"boss_hp\": 70, \"boss_max_hp\": 70, \"boss_rage\": 0, \"skill_cooldowns\": {\"horizontal_shot\": 0, \"vertical_shot\": 0, \"heal\": 0}, \"unit_counts\": {\"Tank\": 2, \"Knight\": 0, \"AD\": 0}, \"current_round\": 1}", "action": "select_Knight", "round": 1, "timestamp": "2025-07-24T01:36:59.973000"}
{"state": "{\"boss_hp\": 70, \"boss_max_hp\": 70, \"boss_rage\": 0, \"skill_cooldowns\": {\"horizontal_shot\": 0, \"vertical_shot\": 0, \"heal\": 0}, \"unit_counts\": {\"Tank\": 2, \"Knight\": 1, \"AD\": 0}, \"current_round\": 1}", "action": "place_Knight_1_0", "round": 1, "timestamp": "2025-07-24T01:37:00.635367"}
{"state": "{\"boss_hp\": 70, \"boss_max_hp\": 70, \"boss_rage\": 0, \"skill_cooldowns\": {\"horizontal_shot\": 0, \"vertical_shot\": 0, \"heal\": 0}, \"unit_counts\": {\"Tank\": 2, \"Knight\": 1, \"AD\": 0}, \"current_round\": 1}", "action": "select_Knight", "round": 1, "timestamp": "2025-07-24T01:37:01.386293"}
{"state": "{\"boss_hp\": 70, \"boss_max_hp\": 70, \"boss_rage\": 0, \"skill_cooldowns\": {\"horizontal_shot\": 0, \"vertical_shot\": 0, \"heal\": 0}, \"unit_counts\": {\"Tank\": 2, \"Knight\": 2, \"AD\": 0}, \"current_round\": 1}", "action": "place_Knight_1_1", "round": 1, "timestamp": "2025-07-24T01:37:02.085911"}
{"state": "{\"boss_hp\": 70, \"boss_max_hp\": 70, \"boss_rage\": 0, \"skill_cooldowns\": {\"horizontal_shot\": 0, \"vertical_shot\": 0, \"heal\": 0}, \"unit_counts\": {\"Tank\": 2, \"Knight\": 2, \"AD\": 0}, \"current_round\": 1}", "action": "select_AD", "round": 1, "timestamp": "2025-07-24T01:37:02.835727"}
{"state": "{\"boss_hp\": 70, \"boss_max_hp\": 70, \"boss_rage\": 0, \"skill_cooldowns\": {\"horizontal_shot\": 0, \"vertical_shot\": 0, \"heal\": 0}, \"unit_counts\": {\"Tank\": 2, \"Knight\": 2, \"AD\": 1}, \"current_round\": 1}", "action": "place_AD_1_3", "round": 1, "timestamp": "2025-07-24T01:37:03.508417"}
{"state": "{\"boss_hp\": 70, \"boss_max_hp\": 70, \"boss_rage\": 0, \"skill_cooldowns\": {\"horizontal_shot\": 0, \"vertical_shot\": 0, \"heal\": 0}, \"unit_counts\": {\"Tank\": 2, \"Knight\": 2, \"AD\": 1}, \"current_round\": 1}", "action": "select_AD", "round": 1, "timestamp": "2025-07-24T01:37:04.235696"}
{"state": "{\"boss_hp\": 70, \"boss_max_hp\": 70, \"boss_rage\": 0, \"skill_cooldowns\": {\"horizontal_shot\": 0, \"vertical_shot\": 0, \"heal\": 0}, \"unit_counts\": {\"Tank\": 2, \"Knight\": 2, \"AD\": 2}, \"current_round\": 1}", "action": "place_AD_2_2", "round": 1, "timestamp": "2025-07-24T01:37:05.085792"}
{"state": "{\"boss_hp\": 70, \"boss_max_hp\": 70, \"boss_rage\": 0, \"skill_cooldowns\": {\"horizontal_shot\": 0, \"vertical_shot\": 0, \"heal\": 0}, \"unit_counts\": {\"Tank\": 2, \"Knight\": 2, \"AD\": 2}, \"current_round\": 1}", "action": "select_AD", "round": 1, "timestamp": "2025-07-24T01:37:05.769813"}
{"state": "{\"boss_hp\": 70, \"boss_max_hp\": 70, \"boss_rage\": 0, \"skill_cooldowns\": {\"horizontal_shot\": 0, \"vertical_shot\": 0, \"heal\": 0}, \"unit_counts\": {\"Tank\": 2, \"Knight\": 2, \"AD\": 3}, \"current_round\": 1}", "action": "place_AD_3_1", "round": 1, "timestamp": "2025-07-24T01:37:07.119981"}
{"state": "{\"boss_hp\": 64, \"boss_max_hp\": 70, \"boss_rage\": 1, \"skill_cooldowns\": {\"horizontal_shot\": 0, \"vertical_shot\": 0, \"heal\": 0}, \"unit_counts\": {\"Tank\": 2, \"Knight\": 2, \"AD\": 2}, \"current_round\": 2}", "action": "select_Knight", "round": 2, "timestamp": "2025-07-24T01:37:14.519594"}
{"state": "{\"boss_hp\": 64, \"boss_max_hp\": 70, \"boss_rage\": 1, \"skill_cooldowns\": {\"horizontal_shot\": 0, \"vertical_shot\": 0, \"heal\": 0}, \"unit_counts\": {\"Tank\": 2, \"Knight\": 3, \"AD\": 2}, \"current_round\": 2}", "action": "place_Knight_0_2", "round": 2, "timestamp": "2025-07-24T01:37:15.252627"}
{"state": "{\"boss_hp\": 64, \"boss_max_hp\": 70, \"boss_rage\": 1, \"skill_cooldowns\": {\"horizontal_shot\": 0, \"vertical_shot\": 0, \"heal\": 0}, \"unit_counts\": {\"Tank\": 2, \"Knight\": 3, \"AD\": 2}, \"current_round\": 2}", "action": "select_AD", "round": 2, "timestamp": "2025-07-24T01:37:15.902682"}
{"state": "{\"boss_hp\": 64, \"boss_max_hp\": 70, \"boss_rage\": 1, \"skill_cooldowns\": {\"horizontal_shot\": 0, \"vertical_shot\": 0, \"heal\": 0}, \"unit_counts\": {\"Tank\": 2, \"Knight\": 3, \"AD\": 3}, \"current_round\": 2}", "action": "place_AD_2_0", "round": 2, "timestamp": "2025-07-24T01:37:16.818865"}
{"state": "{\"boss_hp\": 55, \"boss_max_hp\": 70, \"boss_rage\": 2, \"skill_cooldowns\": {\"horizontal_shot\": 1, \"vertical_shot\": 0, \"heal\": 0}, \"unit_counts\": {\"Tank\": 2, \"Knight\": 3, \"AD\": 3}, \"current_round\": 3}", "action": "select_Knight", "round": 3, "timestamp": "2025-07-24T01:37:22.736020"}
{"state": "{\"boss_hp\": 55, \"boss_max_hp\": 70, \"boss_rage\": 2, \"skill_cooldowns\": {\"horizontal_shot\": 1, \"vertical_shot\": 0, \"heal\": 0}, \"unit_counts\": {\"Tank\": 2, \"Knight\": 4, \"AD\": 3}, \"current_round\": 3}", "action": "place_Knight_1_3", "round": 3, "timestamp": "2025-07-24T01:37:23.425976"}
{"state": "{\"boss_hp\": 55, \"boss_max_hp\": 70, \"boss_rage\": 2, \"skill_cooldowns\": {\"horizontal_shot\": 1, \"vertical_shot\": 0, \"heal\": 0}, \"unit_counts\": {\"Tank\": 2, \"Knight\": 4, \"AD\": 3}, \"current_round\": 3}", "action": "select_AD", "round": 3, "timestamp": "2025-07-24T01:37:24.219664"}
{"state": "{\"boss_hp\": 55, \"boss_max_hp\": 70, \"boss_rage\": 2, \"skill_cooldowns\": {\"horizontal_shot\": 1, \"vertical_shot\": 0, \"heal\": 0}, \"unit_counts\": {\"Tank\": 2, \"Knight\": 4, \"AD\": 4}, \"current_round\": 3}", "action": "place_AD_3_3", "round": 3, "timestamp": "2025-07-24T01:37:25.052596"}
{"state": "{\"boss_hp\": 45, \"boss_max_hp\": 70, \"boss_rage\": 3, \"skill_cooldowns\": {\"horizontal_shot\": 0, \"vertical_shot\": 0, \"heal\": 0}, \"unit_counts\": {\"Tank\": 2, \"Knight\": 4, \"AD\": 3}, \"current_round\": 4}", "action": "select_AD", "round": 4, "timestamp": "2025-07-24T01:37:30.051225"}
{"state": "{\"boss_hp\": 45, \"boss_max_hp\": 70, \"boss_rage\": 3, \"skill_cooldowns\": {\"horizontal_shot\": 0, \"vertical_shot\": 0, \"heal\": 0}, \"unit_counts\": {\"Tank\": 2, \"Knight\": 4, \"AD\": 4}, \"current_round\": 4}", "action": "place_AD_2_2", "round": 4, "timestamp": "2025-07-24T01:37:30.769518"}
{"state": "{\"boss_hp\": 45, \"boss_max_hp\": 70, \"boss_rage\": 3, \"skill_cooldowns\": {\"horizontal_shot\": 0, \"vertical_shot\": 0, \"heal\": 0}, \"unit_counts\": {\"Tank\": 2, \"Knight\": 4, \"AD\": 4}, \"current_round\": 4}", "action": "select_Knight", "round": 4, "timestamp": "2025-07-24T01:37:31.436097"}
{"state": "{\"boss_hp\": 45, \"boss_max_hp\": 70, \"boss_rage\": 3, \"skill_cooldowns\": {\"horizontal_shot\": 0, \"vertical_shot\": 0, \"heal\": 0}, \"unit_counts\": {\"Tank\": 2, \"Knight\": 5, \"AD\": 4}, \"current_round\": 4}", "action": "place_Knight_0_3", "round": 4, "timestamp": "2025-07-24T01:37:33.302828"}
{"state": "{\"boss_hp\": 42, \"boss_max_hp\": 70, \"boss_rage\": 3, \"skill_cooldowns\": {\"horizontal_shot\": 0, \"vertical_shot\": 0, \"heal\": 2}, \"unit_counts\": {\"Tank\": 2, \"Knight\": 5, \"AD\": 4}, \"current_round\": 5}", "action": "select_AD", "round": 5, "timestamp": "2025-07-24T01:37:38.752873"}
{"state": "{\"boss_hp\": 42, \"boss_max_hp\": 70, \"boss_rage\": 3, \"skill_cooldowns\": {\"horizontal_shot\": 0, \"vertical_shot\": 0, \"heal\": 2}, \"unit_counts\": {\"Tank\": 2, \"Knight\": 5, \"AD\": 5}, \"current_round\": 5}", "action": "place_AD_3_0", "round": 5, "timestamp": "2025-07-24T01:37:39.663453"}
{"state": "{\"boss_hp\": 42, \"boss_max_hp\": 70, \"boss_rage\": 3, \"skill_cooldowns\": {\"horizontal_shot\": 0, \"vertical_shot\": 0, \"heal\": 2}, \"unit_counts\": {\"Tank\": 2, \"Knight\": 5, \"AD\": 5}, \"current_round\": 5}", "action": "select_Knight", "round": 5, "timestamp": "2025-07-24T01:37:40.453289"}
{"state": "{\"boss_hp\": 42, \"boss_max_hp\": 70, \"boss_rage\": 3, \"skill_cooldowns\": {\"horizontal_shot\": 0, \"vertical_shot\": 0, \"heal\": 2}, \"unit_counts\": {\"Tank\": 2, \"Knight\": 6, \"AD\": 5}, \"current_round\": 5}", "action": "place_Knight_3_2", "round": 5, "timestamp": "2025-07-24T01:37:41.619752"}
{"state": "{\"boss_hp\": 32, \"boss_max_hp\": 70, \"boss_rage\": 3, \"skill_cooldowns\": {\"horizontal_shot\": 1, \"vertical_shot\": 0, \"heal\": 1}, \"unit_counts\": {\"Tank\": 2, \"Knight\": 6, \"AD\": 2}, \"current_round\": 6}", "action": "select_AD", "round": 6, "timestamp": "2025-07-24T01:37:47.436708"}
{"state": "{\"boss_hp\": 32, \"boss_max_hp\": 70, \"boss_rage\": 3, \"skill_cooldowns\": {\"horizontal_shot\": 1, \"vertical_shot\": 0, \"heal\": 1}, \"unit_counts\": {\"Tank\": 2, \"Knight\": 6, \"AD\": 3}, \"current_round\": 6}", "action": "place_AD_3_1", "round": 6, "timestamp": "2025-07-24T01:37:48.268272"}
{"state": "{\"boss_hp\": 32, \"boss_max_hp\": 70, \"boss_rage\": 3, \"skill_cooldowns\": {\"horizontal_shot\": 1, \"vertical_shot\": 0, \"heal\": 1}, \"unit_counts\": {\"Tank\": 2, \"Knight\": 6, \"AD\": 3}, \"current_round\": 6}", "action": "select_Knight", "round": 6, "timestamp": "2025-07-24T01:37:49.020600"}
{"state": "{\"boss_hp\": 32, \"boss_max_hp\": 70, \"boss_rage\": 3, \"skill_cooldowns\": {\"horizontal_shot\": 1, \"vertical_shot\": 0, \"heal\": 1}, \"unit_counts\": {\"Tank\": 2, \"Knight\": 7, \"AD\": 3}, \"current_round\": 6}", "action": "place_Knight_2_3", "round": 6, "timestamp": "2025-07-24T01:37:51.536704"}
{"state": "{\"boss_hp\": 21, \"boss_max_hp\": 70, \"boss_rage\": 3, \"skill_cooldowns\": {\"horizontal_shot\": 0, \"vertical_shot\": 0, \"heal\": 0}, \"unit_counts\": {\"Tank\": 2, \"Knight\": 7, \"AD\": 2}, \"current_round\": 7}", "action": "select_AD", "round": 7, "timestamp": "2025-07-24T01:37:56.041929"}
{"state": "{\"boss_hp\": 21, \"boss_max_hp\": 70, \"boss_rage\": 3, \"skill_cooldowns\": {\"horizontal_shot\": 0, \"vertical_shot\": 0, \"heal\": 0}, \"unit_counts\": {\"Tank\": 2, \"Knight\": 7, \"AD\": 3}, \"current_round\": 7}", "action": "place_AD_3_1", "round": 7, "timestamp": "2025-07-24T01:37:56.853301"}
{"state": "{\"boss_hp\": 21, \"boss_max_hp\": 70, \"boss_rage\": 3, \"skill_cooldowns\": {\"horizontal_shot\": 0, \"vertical_shot\": 0, \"heal\": 0}, \"unit_counts\": {\"Tank\": 2, \"Knight\": 7, \"AD\": 3}, \"current_round\": 7}", "action": "select_Knight", "round": 7, "timestamp": "2025-07-24T01:37:57.657514"}
{"state": "{\"boss_hp\": 21, \"boss_max_hp\": 70, \"boss_rage\": 3, \"skill_cooldowns\": {\"horizontal_shot\": 0, \"vertical_shot\": 0, \"heal\": 0}, \"unit_counts\": {\"Tank\": 2, \"Knight\": 8, \"AD\": 3}, \"current_round\": 7}", "action": "place_Knight_3_3", "round": 7, "timestamp": "2025-07-24T01:37:58.386470"}
{"state": "{\"boss_hp\": 14, \"boss_max_hp\": 70, \"boss_rage\": 0, \"skill_cooldowns\": {\"horizontal_shot\": 0, \"vertical_shot\": 0, \"heal\": 0}, \"unit_counts\": {\"Tank\": 2, \"Knight\": 5, \"AD\": 1}, \"current_round\": 8}", "action": "select_Knight", "round": 8, "timestamp": "2025-07-24T01:38:02.119460"}
{"state": "{\"boss_hp\": 14, \"boss_max_hp\": 70, \"boss_rage\": 0, \"skill_cooldowns\": {\"horizontal_shot\": 0, \"vertical_shot\": 0, \"heal\": 0}, \"unit_counts\": {\"Tank\": 2, \"Knight\": 6, \"AD\": 1}, \"current_round\": 8}", "action": "place_Knight_1_1", "round": 8, "timestamp": "2025-07-24T01:38:03.269446"}
{"state": "{\"boss_hp\": 14, \"boss_max_hp\": 70, \"boss_rage\": 0, \"skill_cooldowns\": {\"horizontal_shot\": 0, \"vertical_shot\": 0, \"heal\": 0}, \"unit_counts\": {\"Tank\": 2, \"Knight\": 6, \"AD\": 1}, \"current_round\": 8}", "action": "select_AD", "round": 8, "timestamp": "2025-07-24T01:38:03.970229"}
{"state": "{\"boss_hp\": 14, \"boss_max_hp\": 70, \"boss_rage\": 0, \"skill_cooldowns\": {\"horizontal_shot\": 0, \"vertical_shot\": 0, \"heal\": 0}, \"unit_counts\": {\"Tank\": 2, \"Knight\": 6, \"AD\": 2}, \"current_round\": 8}", "action": "place_AD_2_1", "round": 8, "timestamp": "2025-07-24T01:38:04.719295"}
{"state": "{\"boss_hp\": 14, \"boss_max_hp\": 70, \"boss_rage\": 1, \"skill_cooldowns\": {\"horizontal_shot\": 0, \"vertical_shot\": 0, \"heal\": 2}, \"unit_counts\": {\"Tank\": 2, \"Knight\": 6, \"AD\": 2}, \"current_round\": 9}", "action": "select_Knight", "round": 9, "timestamp": "2025-07-24T01:38:09.670416"}
{"state": "{\"boss_hp\": 14, \"boss_max_hp\": 70, \"boss_rage\": 1, \"skill_cooldowns\": {\"horizontal_shot\": 0, \"vertical_shot\": 0, \"heal\": 2}, \"unit_counts\": {\"Tank\": 2, \"Knight\": 7, \"AD\": 2}, \"current_round\": 9}", "action": "place_Knight_2_2", "round": 9, "timestamp": "2025-07-24T01:38:11.036796"}
{"state": "{\"boss_hp\": 14, \"boss_max_hp\": 70, \"boss_rage\": 1, \"skill_cooldowns\": {\"horizontal_shot\": 0, \"vertical_shot\": 0, \"heal\": 2}, \"unit_counts\": {\"Tank\": 2, \"Knight\": 7, \"AD\": 2}, \"current_round\": 9}", "action": "select_AD", "round": 9, "timestamp": "2025-07-24T01:38:11.736326"}
{"state": "{\"boss_hp\": 14, \"boss_max_hp\": 70, \"boss_rage\": 1, \"skill_cooldowns\": {\"horizontal_shot\": 0, \"vertical_shot\": 0, \"heal\": 2}, \"unit_counts\": {\"Tank\": 2, \"Knight\": 7, \"AD\": 3}, \"current_round\": 9}", "action": "place_AD_3_0", "round": 9, "timestamp": "2025-07-24T01:38:12.686303"}
{"state": "{\"boss_hp\": 70, \"boss_max_hp\": 70, \"boss_rage\": 0, \"skill_cooldowns\": {\"horizontal_shot\": 0, \"vertical_shot\": 0, \"heal\": 0}, \"unit_counts\": {\"Tank\": 0, \"Knight\": 0, \"AD\": 0}, \"current_round\": 1}", "action": "select_Knight", "round": 1, "timestamp": "2025-07-24T01:38:20.569968"}
{"state": "{\"boss_hp\": 70, \"boss_max_hp\": 70, \"boss_rage\": 0, \"skill_cooldowns\": {\"horizontal_shot\": 0, \"vertical_shot\": 0, \"heal\": 0}, \"unit_counts\": {\"Tank\": 0, \"Knight\": 1, \"AD\": 0}, \"current_round\": 1}", "action": "place_Knight_1_0", "round": 1, "timestamp": "2025-07-24T01:38:21.218562"}
{"state": "{\"boss_hp\": 70, \"boss_max_hp\": 70, \"boss_rage\": 0, \"skill_cooldowns\": {\"horizontal_shot\": 0, \"vertical_shot\": 0, \"heal\": 0}, \"unit_counts\": {\"Tank\": 0, \"Knight\": 1, \"AD\": 0}, \"current_round\": 1}", "action": "select_Knight", "round": 1, "timestamp": "2025-07-24T01:38:22.053649"}
{"state": "{\"boss_hp\": 70, \"boss_max_hp\": 70, \"boss_rage\": 0, \"skill_cooldowns\": {\"horizontal_shot\": 0, \"vertical_shot\": 0, \"heal\": 0}, \"unit_counts\": {\"Tank\": 0, \"Knight\": 2, \"AD\": 0}, \"current_round\": 1}", "action": "place_Knight_0_1", "round": 1, "timestamp": "2025-07-24T01:38:23.019793"}
{"state": "{\"boss_hp\": 70, \"boss_max_hp\": 70, \"boss_rage\": 0, \"skill_cooldowns\": {\"horizontal_shot\": 0, \"vertical_shot\": 0, \"heal\": 0}, \"unit_counts\": {\"Tank\": 0, \"Knight\": 2, \"AD\": 0}, \"current_round\": 1}", "action": "select_Tank", "round": 1, "timestamp": "2025-07-24T01:38:23.784309"}
{"state": "{\"boss_hp\": 70, \"boss_max_hp\": 70, \"boss_rage\": 0, \"skill_cooldowns\": {\"horizontal_shot\": 0, \"vertical_shot\": 0, \"heal\": 0}, \"unit_counts\": {\"Tank\": 1, \"Knight\": 2, \"AD\": 0}, \"current_round\": 1}", "action": "place_Tank_0_0", "round": 1, "timestamp": "2025-07-24T01:38:24.510070"}
{"state": "{\"boss_hp\": 70, \"boss_max_hp\": 70, \"boss_rage\": 0, \"skill_cooldowns\": {\"horizontal_shot\": 0, \"vertical_shot\": 0, \"heal\": 0}, \"unit_counts\": {\"Tank\": 1, \"Knight\": 2, \"AD\": 0}, \"current_round\": 1}", "action": "select_Tank", "round": 1, "timestamp": "2025-07-24T01:38:26.170488"}
{"state": "{\"boss_hp\": 70, \"boss_max_hp\": 70, \"boss_rage\": 0, \"skill_cooldowns\": {\"horizontal_shot\": 0, \"vertical_shot\": 0, \"heal\": 0}, \"unit_counts\": {\"Tank\": 2, \"Knight\": 2, \"AD\": 0}, \"current_round\": 1}", "action": "place_Tank_0_2", "round": 1, "timestamp": "2025-07-24T01:38:26.787097"}
{"state": "{\"boss_hp\": 70, \"boss_max_hp\": 70, \"boss_rage\": 0, \"skill_cooldowns\": {\"horizontal_shot\": 0, \"vertical_shot\": 0, \"heal\": 0}, \"unit_counts\": {\"Tank\": 2, \"Knight\": 2, \"AD\": 0}, \"current_round\": 1}", "action": "select_AD", "round": 1, "timestamp": "2025-07-24T01:38:27.508814"}
{"state": "{\"boss_hp\": 70, \"boss_max_hp\": 70, \"boss_rage\": 0, \"skill_cooldowns\": {\"horizontal_shot\": 0, \"vertical_shot\": 0, \"heal\": 0}, \"unit_counts\": {\"Tank\": 2, \"Knight\": 2, \"AD\": 1}, \"current_round\": 1}", "action": "place_AD_1_2", "round": 1, "timestamp": "2025-07-24T01:38:28.437459"}
{"state": "{\"boss_hp\": 70, \"boss_max_hp\": 70, \"boss_rage\": 0, \"skill_cooldowns\": {\"horizontal_shot\": 0, \"vertical_shot\": 0, \"heal\": 0}, \"unit_counts\": {\"Tank\": 2, \"Knight\": 2, \"AD\": 1}, \"current_round\": 1}", "action": "select_AD", "round": 1, "timestamp": "2025-07-24T01:38:29.486868"}
{"state": "{\"boss_hp\": 70, \"boss_max_hp\": 70, \"boss_rage\": 0, \"skill_cooldowns\": {\"horizontal_shot\": 0, \"vertical_shot\": 0, \"heal\": 0}, \"unit_counts\": {\"Tank\": 2, \"Knight\": 2, \"AD\": 2}, \"current_round\": 1}", "action": "place_AD_2_1", "round": 1, "timestamp": "2025-07-24T01:38:30.153664"}
{"state": "{\"boss_hp\": 70, \"boss_max_hp\": 70, \"boss_rage\": 0, \"skill_cooldowns\": {\"horizontal_shot\": 0, \"vertical_shot\": 0, \"heal\": 0}, \"unit_counts\": {\"Tank\": 2, \"Knight\": 2, \"AD\": 2}, \"current_round\": 1}", "action": "select_AD", "round": 1, "timestamp": "2025-07-24T01:38:30.787650"}
{"state": "{\"boss_hp\": 70, \"boss_max_hp\": 70, \"boss_rage\": 0, \"skill_cooldowns\": {\"horizontal_shot\": 0, \"vertical_shot\": 0, \"heal\": 0}, \"unit_counts\": {\"Tank\": 2, \"Knight\": 2, \"AD\": 3}, \"current_round\": 1}", "action": "place_AD_3_0", "round": 1, "timestamp": "2025-07-24T01:38:31.770504"}
{"state": "{\"boss_hp\": 64, \"boss_max_hp\": 70, \"boss_rage\": 1, \"skill_cooldowns\": {\"horizontal_shot\": 1, \"vertical_shot\": 0, \"heal\": 0}, \"unit_counts\": {\"Tank\": 2, \"Knight\": 2, \"AD\": 2}, \"current_round\": 2}", "action": "select_Knight", "round": 2, "timestamp": "2025-07-24T01:38:36.020230"}
{"state": "{\"boss_hp\": 64, \"boss_max_hp\": 70, \"boss_rage\": 1, \"skill_cooldowns\": {\"horizontal_shot\": 1, \"vertical_shot\": 0, \"heal\": 0}, \"unit_counts\": {\"Tank\": 2, \"Knight\": 3, \"AD\": 2}, \"current_round\": 2}", "action": "place_Knight_1_2", "round": 2, "timestamp": "2025-07-24T01:38:36.692044"}
{"state": "{\"boss_hp\": 64, \"boss_max_hp\": 70, \"boss_rage\": 1, \"skill_cooldowns\": {\"horizontal_shot\": 1, \"vertical_shot\": 0, \"heal\": 0}, \"unit_counts\": {\"Tank\": 2, \"Knight\": 3, \"AD\": 2}, \"current_round\": 2}", "action": "select_Tank", "round": 2, "timestamp": "2025-07-24T01:38:38.153485"}
{"state": "{\"boss_hp\": 64, \"boss_max_hp\": 70, \"boss_rage\": 1, \"skill_cooldowns\": {\"horizontal_shot\": 1, \"vertical_shot\": 0, \"heal\": 0}, \"unit_counts\": {\"Tank\": 3, \"Knight\": 3, \"AD\": 2}, \"current_round\": 2}", "action": "place_Tank_1_1", "round": 2, "timestamp": "2025-07-24T01:38:41.337276"}
{"state": "{\"boss_hp\": 59, \"boss_max_hp\": 70, \"boss_rage\": 2, \"skill_cooldowns\": {\"horizontal_shot\": 0, \"vertical_shot\": 0, \"heal\": 0}, \"unit_counts\": {\"Tank\": 3, \"Knight\": 3, \"AD\": 1}, \"current_round\": 3}", "action": "select_AD", "round": 3, "timestamp": "2025-07-24T01:38:46.337563"}
{"state": "{\"boss_hp\": 59, \"boss_max_hp\": 70, \"boss_rage\": 2, \"skill_cooldowns\": {\"horizontal_shot\": 0, \"vertical_shot\": 0, \"heal\": 0}, \"unit_counts\": {\"Tank\": 3, \"Knight\": 3, \"AD\": 2}, \"current_round\": 3}", "action": "place_AD_2_1", "round": 3, "timestamp": "2025-07-24T01:38:47.203778"}
{"state": "{\"boss_hp\": 59, \"boss_max_hp\": 70, \"boss_rage\": 2, \"skill_cooldowns\": {\"horizontal_shot\": 0, \"vertical_shot\": 0, \"heal\": 0}, \"unit_counts\": {\"Tank\": 3, \"Knight\": 3, \"AD\": 2}, \"current_round\": 3}", "action": "select_AD", "round": 3, "timestamp": "2025-07-24T01:38:47.904344"}
{"state": "{\"boss_hp\": 59, \"boss_max_hp\": 70, \"boss_rage\": 2, \"skill_cooldowns\": {\"horizontal_shot\": 0, \"vertical_shot\": 0, \"heal\": 0}, \"unit_counts\": {\"Tank\": 3, \"Knight\": 3, \"AD\": 3}, \"current_round\": 3}", "action": "place_AD_3_2", "round": 3, "timestamp": "2025-07-24T01:38:48.621863"}
{"state": "{\"boss_hp\": 53, \"boss_max_hp\": 70, \"boss_rage\": 3, \"skill_cooldowns\": {\"horizontal_shot\": 0, \"vertical_shot\": 1, \"heal\": 0}, \"unit_counts\": {\"Tank\": 3, \"Knight\": 2, \"AD\": 2}, \"current_round\": 4}", "action": "select_Knight", "round": 4, "timestamp": "2025-07-24T01:38:53.987546"}
{"state": "{\"boss_hp\": 53, \"boss_max_hp\": 70, \"boss_rage\": 3, \"skill_cooldowns\": {\"horizontal_shot\": 0, \"vertical_shot\": 1, \"heal\": 0}, \"unit_counts\": {\"Tank\": 3, \"Knight\": 3, \"AD\": 2}, \"current_round\": 4}", "action": "place_Knight_1_0", "round": 4, "timestamp": "2025-07-24T01:38:54.793675"}
{"state": "{\"boss_hp\": 53, \"boss_max_hp\": 70, \"boss_rage\": 3, \"skill_cooldowns\": {\"horizontal_shot\": 0, \"vertical_shot\": 1, \"heal\": 0}, \"unit_counts\": {\"Tank\": 3, \"Knight\": 3, \"AD\": 2}, \"current_round\": 4}", "action": "select_Knight", "round": 4, "timestamp": "2025-07-24T01:38:55.602862"}
{"state": "{\"boss_hp\": 53, \"boss_max_hp\": 70, \"boss_rage\": 3, \"skill_cooldowns\": {\"horizontal_shot\": 0, \"vertical_shot\": 1, \"heal\": 0}, \"unit_counts\": {\"Tank\": 3, \"Knight\": 4, \"AD\": 2}, \"current_round\": 4}", "action": "place_Knight_1_3", "round": 4, "timestamp": "2025-07-24T01:38:56.320872"}
{"state": "{\"boss_hp\": 45, \"boss_max_hp\": 70, \"boss_rage\": 3, \"skill_cooldowns\": {\"horizontal_shot\": 1, \"vertical_shot\": 0, \"heal\": 0}, \"unit_counts\": {\"Tank\": 2, \"Knight\": 4, \"AD\": 2}, \"current_round\": 5}", "action": "select_Knight", "round": 5, "timestamp": "2025-07-24T01:39:09.671903"}
{"state": "{\"boss_hp\": 45, \"boss_max_hp\": 70, \"boss_rage\": 3, \"skill_cooldowns\": {\"horizontal_shot\": 1, \"vertical_shot\": 0, \"heal\": 0}, \"unit_counts\": {\"Tank\": 2, \"Knight\": 5, \"AD\": 2}, \"current_round\": 5}", "action": "place_Knight_3_0", "round": 5, "timestamp": "2025-07-24T01:39:10.488193"}
{"state": "{\"boss_hp\": 45, \"boss_max_hp\": 70, \"boss_rage\": 3, \"skill_cooldowns\": {\"horizontal_shot\": 1, \"vertical_shot\": 0, \"heal\": 0}, \"unit_counts\": {\"Tank\": 2, \"Knight\": 5, \"AD\": 2}, \"current_round\": 5}", "action": "select_AD", "round": 5, "timestamp": "2025-07-24T01:39:11.159634"}
{"state": "{\"boss_hp\": 45, \"boss_max_hp\": 70, \"boss_rage\": 3, \"skill_cooldowns\": {\"horizontal_shot\": 1, \"vertical_shot\": 0, \"heal\": 0}, \"unit_counts\": {\"Tank\": 2, \"Knight\": 5, \"AD\": 3}, \"current_round\": 5}", "action": "place_AD_2_3", "round": 5, "timestamp": "2025-07-24T01:39:11.871013"}
{"state": "{\"boss_hp\": 35, \"boss_max_hp\": 70, \"boss_rage\": 3, \"skill_cooldowns\": {\"horizontal_shot\": 0, \"vertical_shot\": 1, \"heal\": 0}, \"unit_counts\": {\"Tank\": 1, \"Knight\": 4, \"AD\": 3}, \"current_round\": 6}", "action": "select_Knight", "round": 6, "timestamp": "2025-07-24T01:39:17.572120"}
{"state": "{\"boss_hp\": 35, \"boss_max_hp\": 70, \"boss_rage\": 3, \"skill_cooldowns\": {\"horizontal_shot\": 0, \"vertical_shot\": 1, \"heal\": 0}, \"unit_counts\": {\"Tank\": 1, \"Knight\": 5, \"AD\": 3}, \"current_round\": 6}", "action": "place_Knight_1_0", "round": 6, "timestamp": "2025-07-24T01:39:18.454565"}
{"state": "{\"boss_hp\": 35, \"boss_max_hp\": 70, \"boss_rage\": 3, \"skill_cooldowns\": {\"horizontal_shot\": 0, \"vertical_shot\": 1, \"heal\": 0}, \"unit_counts\": {\"Tank\": 1, \"Knight\": 5, \"AD\": 3}, \"current_round\": 6}", "action": "select_AD", "round": 6, "timestamp": "2025-07-24T01:39:19.254958"}
{"state": "{\"boss_hp\": 35, \"boss_max_hp\": 70, \"boss_rage\": 3, \"skill_cooldowns\": {\"horizontal_shot\": 0, \"vertical_shot\": 1, \"heal\": 0}, \"unit_counts\": {\"Tank\": 1, \"Knight\": 5, \"AD\": 4}, \"current_round\": 6}", "action": "place_AD_0_3", "round": 6, "timestamp": "2025-07-24T01:39:20.154906"}
{"state": "{\"boss_hp\": 22, \"boss_max_hp\": 70, \"boss_rage\": 3, \"skill_cooldowns\": {\"horizontal_shot\": 1, \"vertical_shot\": 0, \"heal\": 0}, \"unit_counts\": {\"Tank\": 1, \"Knight\": 5, \"AD\": 4}, \"current_round\": 7}", "action": "select_Knight", "round": 7, "timestamp": "2025-07-24T01:39:25.444983"}
{"state": "{\"boss_hp\": 22, \"boss_max_hp\": 70, \"boss_rage\": 3, \"skill_cooldowns\": {\"horizontal_shot\": 1, \"vertical_shot\": 0, \"heal\": 0}, \"unit_counts\": {\"Tank\": 1, \"Knight\": 6, \"AD\": 4}, \"current_round\": 7}", "action": "place_Knight_0_0", "round": 7, "timestamp": "2025-07-24T01:39:26.153074"}
{"state": "{\"boss_hp\": 22, \"boss_max_hp\": 70, \"boss_rage\": 3, \"skill_cooldowns\": {\"horizontal_shot\": 1, \"vertical_shot\": 0, \"heal\": 0}, \"unit_counts\": {\"Tank\": 1, \"Knight\": 6, \"AD\": 4}, \"current_round\": 7}", "action": "select_AD", "round": 7, "timestamp": "2025-07-24T01:39:26.855636"}
{"state": "{\"boss_hp\": 22, \"boss_max_hp\": 70, \"boss_rage\": 3, \"skill_cooldowns\": {\"horizontal_shot\": 1, \"vertical_shot\": 0, \"heal\": 0}, \"unit_counts\": {\"Tank\": 1, \"Knight\": 6, \"AD\": 5}, \"current_round\": 7}", "action": "place_AD_3_3", "round": 7, "timestamp": "2025-07-24T01:39:27.562342"}
{"state": "{\"boss_hp\": 16, \"boss_max_hp\": 70, \"boss_rage\": 3, \"skill_cooldowns\": {\"horizontal_shot\": 0, \"vertical_shot\": 0, \"heal\": 2}, \"unit_counts\": {\"Tank\": 1, \"Knight\": 6, \"AD\": 5}, \"current_round\": 8}", "action": "select_Knight", "round": 8, "timestamp": "2025-07-24T01:39:33.088772"}
{"state": "{\"boss_hp\": 16, \"boss_max_hp\": 70, \"boss_rage\": 3, \"skill_cooldowns\": {\"horizontal_shot\": 0, \"vertical_shot\": 0, \"heal\": 2}, \"unit_counts\": {\"Tank\": 1, \"Knight\": 7, \"AD\": 5}, \"current_round\": 8}", "action": "place_Knight_2_0", "round": 8, "timestamp": "2025-07-24T01:39:33.819907"}
{"state": "{\"boss_hp\": 16, \"boss_max_hp\": 70, \"boss_rage\": 3, \"skill_cooldowns\": {\"horizontal_shot\": 0, \"vertical_shot\": 0, \"heal\": 2}, \"unit_counts\": {\"Tank\": 1, \"Knight\": 7, \"AD\": 5}, \"current_round\": 8}", "action": "select_AD", "round": 8, "timestamp": "2025-07-24T01:39:34.524104"}
{"state": "{\"boss_hp\": 16, \"boss_max_hp\": 70, \"boss_rage\": 3, \"skill_cooldowns\": {\"horizontal_shot\": 0, \"vertical_shot\": 0, \"heal\": 2}, \"unit_counts\": {\"Tank\": 1, \"Knight\": 7, \"AD\": 6}, \"current_round\": 8}", "action": "place_AD_2_2", "round": 8, "timestamp": "2025-07-24T01:39:35.296024"}
{"state": "{\"boss_hp\": 70, \"boss_max_hp\": 70, \"boss_rage\": 0, \"skill_cooldowns\": {\"horizontal_shot\": 0, \"vertical_shot\": 0, \"heal\": 0}, \"unit_counts\": {\"Tank\": 0, \"Knight\": 0, \"AD\": 0}, \"current_round\": 1}", "action": "select_Knight", "round": 1, "timestamp": "2025-07-24T06:14:51.437338"}
{"state": "{\"boss_hp\": 70, \"boss_max_hp\": 70, \"boss_rage\": 0, \"skill_cooldowns\": {\"horizontal_shot\": 0, \"vertical_shot\": 0, \"heal\": 0}, \"unit_counts\": {\"Tank\": 0, \"Knight\": 1, \"AD\": 0}, \"current_round\": 1}", "action": "place_Knight_1_1", "round": 1, "timestamp": "2025-07-24T06:14:51.975646"}
{"state": "{\"boss_hp\": 70, \"boss_max_hp\": 70, \"boss_rage\": 0, \"skill_cooldowns\": {\"horizontal_shot\": 0, \"vertical_shot\": 0, \"heal\": 0}, \"unit_counts\": {\"Tank\": 0, \"Knight\": 1, \"AD\": 0}, \"current_round\": 1}", "action": "select_AD", "round": 1, "timestamp": "2025-07-24T06:14:52.566103"}
{"state": "{\"boss_hp\": 70, \"boss_max_hp\": 70, \"boss_rage\": 0, \"skill_cooldowns\": {\"horizontal_shot\": 0, \"vertical_shot\": 0, \"heal\": 0}, \"unit_counts\": {\"Tank\": 0, \"Knight\": 1, \"AD\": 1}, \"current_round\": 1}", "action": "place_AD_0_2", "round": 1, "timestamp": "2025-07-24T06:14:53.607058"}
{"state": "{\"boss_hp\": 70, \"boss_max_hp\": 70, \"boss_rage\": 0, \"skill_cooldowns\": {\"horizontal_shot\": 0, \"vertical_shot\": 0, \"heal\": 0}, \"unit_counts\": {\"Tank\": 0, \"Knight\": 1, \"AD\": 1}, \"current_round\": 1}", "action": "select_AD", "round": 1, "timestamp": "2025-07-24T06:14:54.151817"}
{"state": "{\"boss_hp\": 70, \"boss_max_hp\": 70, \"boss_rage\": 0, \"skill_cooldowns\": {\"horizontal_shot\": 0, \"vertical_shot\": 0, \"heal\": 0}, \"unit_counts\": {\"Tank\": 0, \"Knight\": 1, \"AD\": 2}, \"current_round\": 1}", "action": "place_AD_2_1", "round": 1, "timestamp": "2025-07-24T06:14:54.959267"}
{"state": "{\"boss_hp\": 70, \"boss_max_hp\": 70, \"boss_rage\": 0, \"skill_cooldowns\": {\"horizontal_shot\": 0, \"vertical_shot\": 0, \"heal\": 0}, \"unit_counts\": {\"Tank\": 0, \"Knight\": 1, \"AD\": 2}, \"current_round\": 1}", "action": "select_AD", "round": 1, "timestamp": "2025-07-24T06:14:55.548868"}
{"state": "{\"boss_hp\": 70, \"boss_max_hp\": 70, \"boss_rage\": 0, \"skill_cooldowns\": {\"horizontal_shot\": 0, \"vertical_shot\": 0, \"heal\": 0}, \"unit_counts\": {\"Tank\": 0, \"Knight\": 1, \"AD\": 3}, \"current_round\": 1}", "action": "place_AD_1_3", "round": 1, "timestamp": "2025-07-24T06:14:56.692642"}
{"state": "{\"boss_hp\": 70, \"boss_max_hp\": 70, \"boss_rage\": 0, \"skill_cooldowns\": {\"horizontal_shot\": 0, \"vertical_shot\": 0, \"heal\": 0}, \"unit_counts\": {\"Tank\": 0, \"Knight\": 1, \"AD\": 3}, \"current_round\": 1}", "action": "select_Knight", "round": 1, "timestamp": "2025-07-24T06:14:57.728289"}
{"state": "{\"boss_hp\": 70, \"boss_max_hp\": 70, \"boss_rage\": 0, \"skill_cooldowns\": {\"horizontal_shot\": 0, \"vertical_shot\": 0, \"heal\": 0}, \"unit_counts\": {\"Tank\": 0, \"Knight\": 2, \"AD\": 3}, \"current_round\": 1}", "action": "place_Knight_0_0", "round": 1, "timestamp": "2025-07-24T06:14:58.309935"}
{"state": "{\"boss_hp\": 70, \"boss_max_hp\": 70, \"boss_rage\": 0, \"skill_cooldowns\": {\"horizontal_shot\": 0, \"vertical_shot\": 0, \"heal\": 0}, \"unit_counts\": {\"Tank\": 0, \"Knight\": 2, \"AD\": 3}, \"current_round\": 1}", "action": "select_Tank", "round": 1, "timestamp": "2025-07-24T06:14:59.147501"}
{"state": "{\"boss_hp\": 70, \"boss_max_hp\": 70, \"boss_rage\": 0, \"skill_cooldowns\": {\"horizontal_shot\": 0, \"vertical_shot\": 0, \"heal\": 0}, \"unit_counts\": {\"Tank\": 1, \"Knight\": 2, \"AD\": 3}, \"current_round\": 1}", "action": "place_Tank_2_0", "round": 1, "timestamp": "2025-07-24T06:15:00.162762"}
{"state": "{\"boss_hp\": 70, \"boss_max_hp\": 70, \"boss_rage\": 0, \"skill_cooldowns\": {\"horizontal_shot\": 0, \"vertical_shot\": 0, \"heal\": 0}, \"unit_counts\": {\"Tank\": 1, \"Knight\": 2, \"AD\": 3}, \"current_round\": 1}", "action": "select_Tank", "round": 1, "timestamp": "2025-07-24T06:15:00.766330"}
{"state": "{\"boss_hp\": 70, \"boss_max_hp\": 70, \"boss_rage\": 0, \"skill_cooldowns\": {\"horizontal_shot\": 0, \"vertical_shot\": 0, \"heal\": 0}, \"unit_counts\": {\"Tank\": 1, \"Knight\": 2, \"AD\": 3}, \"current_round\": 1}", "action": "select_Tank", "round": 1, "timestamp": "2025-07-24T06:15:01.654580"}
{"state": "{\"boss_hp\": 70, \"boss_max_hp\": 70, \"boss_rage\": 0, \"skill_cooldowns\": {\"horizontal_shot\": 0, \"vertical_shot\": 0, \"heal\": 0}, \"unit_counts\": {\"Tank\": 2, \"Knight\": 2, \"AD\": 3}, \"current_round\": 1}", "action": "place_Tank_3_2", "round": 1, "timestamp": "2025-07-24T06:15:02.269102"}
{"state": "{\"boss_hp\": 64, \"boss_max_hp\": 70, \"boss_rage\": 1, \"skill_cooldowns\": {\"horizontal_shot\": 1, \"vertical_shot\": 0, \"heal\": 0}, \"unit_counts\": {\"Tank\": 2, \"Knight\": 2, \"AD\": 2}, \"current_round\": 2}", "action": "select_AD", "round": 2, "timestamp": "2025-07-24T06:15:05.182206"}
{"state": "{\"boss_hp\": 64, \"boss_max_hp\": 70, \"boss_rage\": 1, \"skill_cooldowns\": {\"horizontal_shot\": 1, \"vertical_shot\": 0, \"heal\": 0}, \"unit_counts\": {\"Tank\": 2, \"Knight\": 2, \"AD\": 3}, \"current_round\": 2}", "action": "place_AD_0_2", "round": 2, "timestamp": "2025-07-24T06:15:05.870306"}
{"state": "{\"boss_hp\": 64, \"boss_max_hp\": 70, \"boss_rage\": 1, \"skill_cooldowns\": {\"horizontal_shot\": 1, \"vertical_shot\": 0, \"heal\": 0}, \"unit_counts\": {\"Tank\": 2, \"Knight\": 2, \"AD\": 3}, \"current_round\": 2}", "action": "select_Knight", "round": 2, "timestamp": "2025-07-24T06:15:06.365502"}
{"state": "{\"boss_hp\": 64, \"boss_max_hp\": 70, \"boss_rage\": 1, \"skill_cooldowns\": {\"horizontal_shot\": 1, \"vertical_shot\": 0, \"heal\": 0}, \"unit_counts\": {\"Tank\": 2, \"Knight\": 3, \"AD\": 3}, \"current_round\": 2}", "action": "place_Knight_2_3", "round": 2, "timestamp": "2025-07-24T06:15:07.113444"}
{"state": "{\"boss_hp\": 57, \"boss_max_hp\": 70, \"boss_rage\": 2, \"skill_cooldowns\": {\"horizontal_shot\": 0, \"vertical_shot\": 0, \"heal\": 0}, \"unit_counts\": {\"Tank\": 2, \"Knight\": 3, \"AD\": 2}, \"current_round\": 3}", "action": "select_AD", "round": 3, "timestamp": "2025-07-24T06:15:10.795208"}
{"state": "{\"boss_hp\": 57, \"boss_max_hp\": 70, \"boss_rage\": 2, \"skill_cooldowns\": {\"horizontal_shot\": 0, \"vertical_shot\": 0, \"heal\": 0}, \"unit_counts\": {\"Tank\": 2, \"Knight\": 3, \"AD\": 3}, \"current_round\": 3}", "action": "place_AD_0_2", "round": 3, "timestamp": "2025-07-24T06:15:12.321384"}
{"state": "{\"boss_hp\": 57, \"boss_max_hp\": 70, \"boss_rage\": 2, \"skill_cooldowns\": {\"horizontal_shot\": 0, \"vertical_shot\": 0, \"heal\": 0}, \"unit_counts\": {\"Tank\": 2, \"Knight\": 3, \"AD\": 3}, \"current_round\": 3}", "action": "select_Knight", "round": 3, "timestamp": "2025-07-24T06:15:12.888717"}
{"state": "{\"boss_hp\": 57, \"boss_max_hp\": 70, \"boss_rage\": 2, \"skill_cooldowns\": {\"horizontal_shot\": 0, \"vertical_shot\": 0, \"heal\": 0}, \"unit_counts\": {\"Tank\": 2, \"Knight\": 3, \"AD\": 3}, \"current_round\": 3}", "action": "select_Knight", "round": 3, "timestamp": "2025-07-24T06:15:13.760349"}
{"state": "{\"boss_hp\": 57, \"boss_max_hp\": 70, \"boss_rage\": 2, \"skill_cooldowns\": {\"horizontal_shot\": 0, \"vertical_shot\": 0, \"heal\": 0}, \"unit_counts\": {\"Tank\": 2, \"Knight\": 4, \"AD\": 3}, \"current_round\": 3}", "action": "place_Knight_3_3", "round": 3, "timestamp": "2025-07-24T06:15:14.763604"}
{"state": "{\"boss_hp\": 49, \"boss_max_hp\": 70, \"boss_rage\": 3, \"skill_cooldowns\": {\"horizontal_shot\": 0, \"vertical_shot\": 0, \"heal\": 0}, \"unit_counts\": {\"Tank\": 2, \"Knight\": 4, \"AD\": 2}, \"current_round\": 4}", "action": "select_AD", "round": 4, "timestamp": "2025-07-24T06:15:17.988782"}
{"state": "{\"boss_hp\": 49, \"boss_max_hp\": 70, \"boss_rage\": 3, \"skill_cooldowns\": {\"horizontal_shot\": 0, \"vertical_shot\": 0, \"heal\": 0}, \"unit_counts\": {\"Tank\": 2, \"Knight\": 4, \"AD\": 3}, \"current_round\": 4}", "action": "place_AD_3_0", "round": 4, "timestamp": "2025-07-24T06:15:18.854362"}
{"state": "{\"boss_hp\": 49, \"boss_max_hp\": 70, \"boss_rage\": 3, \"skill_cooldowns\": {\"horizontal_shot\": 0, \"vertical_shot\": 0, \"heal\": 0}, \"unit_counts\": {\"Tank\": 2, \"Knight\": 4, \"AD\": 3}, \"current_round\": 4}", "action": "select_Knight", "round": 4, "timestamp": "2025-07-24T06:15:19.430682"}
{"state": "{\"boss_hp\": 49, \"boss_max_hp\": 70, \"boss_rage\": 3, \"skill_cooldowns\": {\"horizontal_shot\": 0, \"vertical_shot\": 0, \"heal\": 0}, \"unit_counts\": {\"Tank\": 2, \"Knight\": 5, \"AD\": 3}, \"current_round\": 4}", "action": "place_Knight_2_1", "round": 4, "timestamp": "2025-07-24T06:15:20.027296"}
{"state": "{\"boss_hp\": 48, \"boss_max_hp\": 70, \"boss_rage\": 3, \"skill_cooldowns\": {\"horizontal_shot\": 0, \"vertical_shot\": 0, \"heal\": 2}, \"unit_counts\": {\"Tank\": 2, \"Knight\": 5, \"AD\": 3}, \"current_round\": 5}", "action": "select_AD", "round": 5, "timestamp": "2025-07-24T06:15:22.867489"}
{"state": "{\"boss_hp\": 48, \"boss_max_hp\": 70, \"boss_rage\": 3, \"skill_cooldowns\": {\"horizontal_shot\": 0, \"vertical_shot\": 0, \"heal\": 2}, \"unit_counts\": {\"Tank\": 2, \"Knight\": 5, \"AD\": 4}, \"current_round\": 5}", "action": "place_AD_1_0", "round": 5, "timestamp": "2025-07-24T06:15:23.522133"}
{"state": "{\"boss_hp\": 48, \"boss_max_hp\": 70, \"boss_rage\": 3, \"skill_cooldowns\": {\"horizontal_shot\": 0, \"vertical_shot\": 0, \"heal\": 2}, \"unit_counts\": {\"Tank\": 2, \"Knight\": 5, \"AD\": 4}, \"current_round\": 5}", "action": "select_Knight", "round": 5, "timestamp": "2025-07-24T06:15:24.039025"}
{"state": "{\"boss_hp\": 48, \"boss_max_hp\": 70, \"boss_rage\": 3, \"skill_cooldowns\": {\"horizontal_shot\": 0, \"vertical_shot\": 0, \"heal\": 2}, \"unit_counts\": {\"Tank\": 2, \"Knight\": 6, \"AD\": 4}, \"current_round\": 5}", "action": "place_Knight_0_3", "round": 5, "timestamp": "2025-07-24T06:15:24.555483"}
{"state": "{\"boss_hp\": 36, \"boss_max_hp\": 70, \"boss_rage\": 3, \"skill_cooldowns\": {\"horizontal_shot\": 0, \"vertical_shot\": 1, \"heal\": 1}, \"unit_counts\": {\"Tank\": 2, \"Knight\": 6, \"AD\": 3}, \"current_round\": 6}", "action": "select_AD", "round": 6, "timestamp": "2025-07-24T06:15:27.918420"}
{"state": "{\"boss_hp\": 36, \"boss_max_hp\": 70, \"boss_rage\": 3, \"skill_cooldowns\": {\"horizontal_shot\": 0, \"vertical_shot\": 1, \"heal\": 1}, \"unit_counts\": {\"Tank\": 2, \"Knight\": 6, \"AD\": 4}, \"current_round\": 6}", "action": "place_AD_1_2", "round": 6, "timestamp": "2025-07-24T06:15:28.655094"}
{"state": "{\"boss_hp\": 36, \"boss_max_hp\": 70, \"boss_rage\": 3, \"skill_cooldowns\": {\"horizontal_shot\": 0, \"vertical_shot\": 1, \"heal\": 1}, \"unit_counts\": {\"Tank\": 2, \"Knight\": 6, \"AD\": 4}, \"current_round\": 6}", "action": "select_Knight", "round": 6, "timestamp": "2025-07-24T06:15:29.253256"}
{"state": "{\"boss_hp\": 36, \"boss_max_hp\": 70, \"boss_rage\": 3, \"skill_cooldowns\": {\"horizontal_shot\": 0, \"vertical_shot\": 1, \"heal\": 1}, \"unit_counts\": {\"Tank\": 2, \"Knight\": 7, \"AD\": 4}, \"current_round\": 6}", "action": "place_Knight_0_1", "round": 6, "timestamp": "2025-07-24T06:15:30.303331"}
{"state": "{\"boss_hp\": 25, \"boss_max_hp\": 70, \"boss_rage\": 3, \"skill_cooldowns\": {\"horizontal_shot\": 1, \"vertical_shot\": 0, \"heal\": 0}, \"unit_counts\": {\"Tank\": 2, \"Knight\": 5, \"AD\": 3}, \"current_round\": 7}", "action": "select_AD", "round": 7, "timestamp": "2025-07-24T06:15:34.219307"}
{"state": "{\"boss_hp\": 25, \"boss_max_hp\": 70, \"boss_rage\": 3, \"skill_cooldowns\": {\"horizontal_shot\": 1, \"vertical_shot\": 0, \"heal\": 0}, \"unit_counts\": {\"Tank\": 2, \"Knight\": 5, \"AD\": 4}, \"current_round\": 7}", "action": "place_AD_0_3", "round": 7, "timestamp": "2025-07-24T06:15:35.414780"}
{"state": "{\"boss_hp\": 25, \"boss_max_hp\": 70, \"boss_rage\": 3, \"skill_cooldowns\": {\"horizontal_shot\": 1, \"vertical_shot\": 0, \"heal\": 0}, \"unit_counts\": {\"Tank\": 2, \"Knight\": 5, \"AD\": 4}, \"current_round\": 7}", "action": "select_Knight", "round": 7, "timestamp": "2025-07-24T06:15:36.018743"}
{"state": "{\"boss_hp\": 25, \"boss_max_hp\": 70, \"boss_rage\": 3, \"skill_cooldowns\": {\"horizontal_shot\": 1, \"vertical_shot\": 0, \"heal\": 0}, \"unit_counts\": {\"Tank\": 2, \"Knight\": 6, \"AD\": 4}, \"current_round\": 7}", "action": "place_Knight_2_2", "round": 7, "timestamp": "2025-07-24T06:15:36.687442"}
{"state": "{\"boss_hp\": 12, \"boss_max_hp\": 70, \"boss_rage\": 3, \"skill_cooldowns\": {\"horizontal_shot\": 0, \"vertical_shot\": 1, \"heal\": 0}, \"unit_counts\": {\"Tank\": 2, \"Knight\": 5, \"AD\": 4}, \"current_round\": 8}", "action": "select_AD", "round": 8, "timestamp": "2025-07-24T06:15:40.064623"}
{"state": "{\"boss_hp\": 12, \"boss_max_hp\": 70, \"boss_rage\": 3, \"skill_cooldowns\": {\"horizontal_shot\": 0, \"vertical_shot\": 1, \"heal\": 0}, \"unit_counts\": {\"Tank\": 2, \"Knight\": 5, \"AD\": 5}, \"current_round\": 8}", "action": "place_AD_0_1", "round": 8, "timestamp": "2025-07-24T06:15:40.866171"}
{"state": "{\"boss_hp\": 12, \"boss_max_hp\": 70, \"boss_rage\": 3, \"skill_cooldowns\": {\"horizontal_shot\": 0, \"vertical_shot\": 1, \"heal\": 0}, \"unit_counts\": {\"Tank\": 2, \"Knight\": 5, \"AD\": 5}, \"current_round\": 8}", "action": "select_Knight", "round": 8, "timestamp": "2025-07-24T06:15:41.681312"}
{"state": "{\"boss_hp\": 12, \"boss_max_hp\": 70, \"boss_rage\": 3, \"skill_cooldowns\": {\"horizontal_shot\": 0, \"vertical_shot\": 1, \"heal\": 0}, \"unit_counts\": {\"Tank\": 2, \"Knight\": 6, \"AD\": 5}, \"current_round\": 8}", "action": "place_Knight_0_2", "round": 8, "timestamp": "2025-07-24T06:15:42.293835"}
{"state": "{\"boss_hp\": 70, \"boss_max_hp\": 70, \"boss_rage\": 0, \"skill_cooldowns\": {\"horizontal_shot\": 0, \"vertical_shot\": 0, \"heal\": 0}, \"unit_counts\": {\"Tank\": 0, \"Knight\": 0, \"AD\": 0}, \"current_round\": 1}", "action": "select_AD", "round": 1, "timestamp": "2025-07-24T06:15:52.442555"}
{"state": "{\"boss_hp\": 70, \"boss_max_hp\": 70, \"boss_rage\": 0, \"skill_cooldowns\": {\"horizontal_shot\": 0, \"vertical_shot\": 0, \"heal\": 0}, \"unit_counts\": {\"Tank\": 0, \"Knight\": 0, \"AD\": 1}, \"current_round\": 1}", "action": "place_AD_0_1", "round": 1, "timestamp": "2025-07-24T06:15:53.608605"}
{"state": "{\"boss_hp\": 70, \"boss_max_hp\": 70, \"boss_rage\": 0, \"skill_cooldowns\": {\"horizontal_shot\": 0, \"vertical_shot\": 0, \"heal\": 0}, \"unit_counts\": {\"Tank\": 0, \"Knight\": 0, \"AD\": 1}, \"current_round\": 1}", "action": "select_Knight", "round": 1, "timestamp": "2025-07-24T06:15:54.355159"}
{"state": "{\"boss_hp\": 70, \"boss_max_hp\": 70, \"boss_rage\": 0, \"skill_cooldowns\": {\"horizontal_shot\": 0, \"vertical_shot\": 0, \"heal\": 0}, \"unit_counts\": {\"Tank\": 0, \"Knight\": 1, \"AD\": 1}, \"current_round\": 1}", "action": "place_Knight_0_3", "round": 1, "timestamp": "2025-07-24T06:15:55.203556"}
{"state": "{\"boss_hp\": 70, \"boss_max_hp\": 70, \"boss_rage\": 0, \"skill_cooldowns\": {\"horizontal_shot\": 0, \"vertical_shot\": 0, \"heal\": 0}, \"unit_counts\": {\"Tank\": 0, \"Knight\": 1, \"AD\": 1}, \"current_round\": 1}", "action": "select_AD", "round": 1, "timestamp": "2025-07-24T06:15:56.248609"}
{"state": "{\"boss_hp\": 70, \"boss_max_hp\": 70, \"boss_rage\": 0, \"skill_cooldowns\": {\"horizontal_shot\": 0, \"vertical_shot\": 0, \"heal\": 0}, \"unit_counts\": {\"Tank\": 0, \"Knight\": 1, \"AD\": 1}, \"current_round\": 1}", "action": "select_AD", "round": 1, "timestamp": "2025-07-24T06:15:58.134687"}
{"state": "{\"boss_hp\": 70, \"boss_max_hp\": 70, \"boss_rage\": 0, \"skill_cooldowns\": {\"horizontal_shot\": 0, \"vertical_shot\": 0, \"heal\": 0}, \"unit_counts\": {\"Tank\": 0, \"Knight\": 1, \"AD\": 2}, \"current_round\": 1}", "action": "place_AD_1_2", "round": 1, "timestamp": "2025-07-24T06:15:58.883257"}
{"state": "{\"boss_hp\": 70, \"boss_max_hp\": 70, \"boss_rage\": 0, \"skill_cooldowns\": {\"horizontal_shot\": 0, \"vertical_shot\": 0, \"heal\": 0}, \"unit_counts\": {\"Tank\": 0, \"Knight\": 1, \"AD\": 2}, \"current_round\": 1}", "action": "select_AD", "round": 1, "timestamp": "2025-07-24T06:15:59.523190"}
{"state": "{\"boss_hp\": 70, \"boss_max_hp\": 70, \"boss_rage\": 0, \"skill_cooldowns\": {\"horizontal_shot\": 0, \"vertical_shot\": 0, \"heal\": 0}, \"unit_counts\": {\"Tank\": 0, \"Knight\": 1, \"AD\": 3}, \"current_round\": 1}", "action": "place_AD_2_3", "round": 1, "timestamp": "2025-07-24T06:16:00.346204"}
{"state": "{\"boss_hp\": 70, \"boss_max_hp\": 70, \"boss_rage\": 0, \"skill_cooldowns\": {\"horizontal_shot\": 0, \"vertical_shot\": 0, \"heal\": 0}, \"unit_counts\": {\"Tank\": 0, \"Knight\": 1, \"AD\": 3}, \"current_round\": 1}", "action": "select_Knight", "round": 1, "timestamp": "2025-07-24T06:16:01.150969"}
{"state": "{\"boss_hp\": 70, \"boss_max_hp\": 70, \"boss_rage\": 0, \"skill_cooldowns\": {\"horizontal_shot\": 0, \"vertical_shot\": 0, \"heal\": 0}, \"unit_counts\": {\"Tank\": 0, \"Knight\": 2, \"AD\": 3}, \"current_round\": 1}", "action": "place_Knight_3_0", "round": 1, "timestamp": "2025-07-24T06:16:01.778126"}
{"state": "{\"boss_hp\": 70, \"boss_max_hp\": 70, \"boss_rage\": 0, \"skill_cooldowns\": {\"horizontal_shot\": 0, \"vertical_shot\": 0, \"heal\": 0}, \"unit_counts\": {\"Tank\": 0, \"Knight\": 2, \"AD\": 3}, \"current_round\": 1}", "action": "select_Tank", "round": 1, "timestamp": "2025-07-24T06:16:02.466661"}
{"state": "{\"boss_hp\": 70, \"boss_max_hp\": 70, \"boss_rage\": 0, \"skill_cooldowns\": {\"horizontal_shot\": 0, \"vertical_shot\": 0, \"heal\": 0}, \"unit_counts\": {\"Tank\": 1, \"Knight\": 2, \"AD\": 3}, \"current_round\": 1}", "action": "place_Tank_3_3", "round": 1, "timestamp": "2025-07-24T06:16:03.731911"}
{"state": "{\"boss_hp\": 70, \"boss_max_hp\": 70, \"boss_rage\": 0, \"skill_cooldowns\": {\"horizontal_shot\": 0, \"vertical_shot\": 0, \"heal\": 0}, \"unit_counts\": {\"Tank\": 1, \"Knight\": 2, \"AD\": 3}, \"current_round\": 1}", "action": "select_Tank", "round": 1, "timestamp": "2025-07-24T06:16:04.522536"}
{"state": "{\"boss_hp\": 70, \"boss_max_hp\": 70, \"boss_rage\": 0, \"skill_cooldowns\": {\"horizontal_shot\": 0, \"vertical_shot\": 0, \"heal\": 0}, \"unit_counts\": {\"Tank\": 1, \"Knight\": 2, \"AD\": 3}, \"current_round\": 1}", "action": "select_Tank", "round": 1, "timestamp": "2025-07-24T06:16:06.687044"}
{"state": "{\"boss_hp\": 70, \"boss_max_hp\": 70, \"boss_rage\": 0, \"skill_cooldowns\": {\"horizontal_shot\": 0, \"vertical_shot\": 0, \"heal\": 0}, \"unit_counts\": {\"Tank\": 2, \"Knight\": 2, \"AD\": 3}, \"current_round\": 1}", "action": "place_Tank_0_0", "round": 1, "timestamp": "2025-07-24T06:16:07.531060"}
{"state": "{\"boss_hp\": 64, \"boss_max_hp\": 70, \"boss_rage\": 1, \"skill_cooldowns\": {\"horizontal_shot\": 0, \"vertical_shot\": 1, \"heal\": 0}, \"unit_counts\": {\"Tank\": 1, \"Knight\": 2, \"AD\": 2}, \"current_round\": 2}", "action": "select_AD", "round": 2, "timestamp": "2025-07-24T06:16:11.127128"}
{"state": "{\"boss_hp\": 64, \"boss_max_hp\": 70, \"boss_rage\": 1, \"skill_cooldowns\": {\"horizontal_shot\": 0, \"vertical_shot\": 1, \"heal\": 0}, \"unit_counts\": {\"Tank\": 1, \"Knight\": 2, \"AD\": 3}, \"current_round\": 2}", "action": "place_AD_3_1", "round": 2, "timestamp": "2025-07-24T06:16:11.872144"}
{"state": "{\"boss_hp\": 64, \"boss_max_hp\": 70, \"boss_rage\": 1, \"skill_cooldowns\": {\"horizontal_shot\": 0, \"vertical_shot\": 1, \"heal\": 0}, \"unit_counts\": {\"Tank\": 1, \"Knight\": 2, \"AD\": 3}, \"current_round\": 2}", "action": "select_Knight", "round": 2, "timestamp": "2025-07-24T06:16:12.984184"}
{"state": "{\"boss_hp\": 64, \"boss_max_hp\": 70, \"boss_rage\": 1, \"skill_cooldowns\": {\"horizontal_shot\": 0, \"vertical_shot\": 1, \"heal\": 0}, \"unit_counts\": {\"Tank\": 1, \"Knight\": 3, \"AD\": 3}, \"current_round\": 2}", "action": "place_Knight_2_2", "round": 2, "timestamp": "2025-07-24T06:16:13.590246"}
{"state": "{\"boss_hp\": 57, \"boss_max_hp\": 70, \"boss_rage\": 2, \"skill_cooldowns\": {\"horizontal_shot\": 0, \"vertical_shot\": 0, \"heal\": 0}, \"unit_counts\": {\"Tank\": 1, \"Knight\": 3, \"AD\": 2}, \"current_round\": 3}", "action": "select_AD", "round": 3, "timestamp": "2025-07-24T06:16:16.321443"}
{"state": "{\"boss_hp\": 57, \"boss_max_hp\": 70, \"boss_rage\": 2, \"skill_cooldowns\": {\"horizontal_shot\": 0, \"vertical_shot\": 0, \"heal\": 0}, \"unit_counts\": {\"Tank\": 1, \"Knight\": 3, \"AD\": 3}, \"current_round\": 3}", "action": "place_AD_1_3", "round": 3, "timestamp": "2025-07-24T06:16:17.077196"}
{"state": "{\"boss_hp\": 57, \"boss_max_hp\": 70, \"boss_rage\": 2, \"skill_cooldowns\": {\"horizontal_shot\": 0, \"vertical_shot\": 0, \"heal\": 0}, \"unit_counts\": {\"Tank\": 1, \"Knight\": 3, \"AD\": 3}, \"current_round\": 3}", "action": "select_Knight", "round": 3, "timestamp": "2025-07-24T06:16:17.627162"}
{"state": "{\"boss_hp\": 57, \"boss_max_hp\": 70, \"boss_rage\": 2, \"skill_cooldowns\": {\"horizontal_shot\": 0, \"vertical_shot\": 0, \"heal\": 0}, \"unit_counts\": {\"Tank\": 1, \"Knight\": 4, \"AD\": 3}, \"current_round\": 3}", "action": "place_Knight_1_1", "round": 3, "timestamp": "2025-07-24T06:16:18.158370"}
{"state": "{\"boss_hp\": 49, \"boss_max_hp\": 70, \"boss_rage\": 3, \"skill_cooldowns\": {\"horizontal_shot\": 1, \"vertical_shot\": 0, \"heal\": 0}, \"unit_counts\": {\"Tank\": 0, \"Knight\": 4, \"AD\": 2}, \"current_round\": 4}", "action": "select_AD", "round": 4, "timestamp": "2025-07-24T06:16:21.350447"}
{"state": "{\"boss_hp\": 49, \"boss_max_hp\": 70, \"boss_rage\": 3, \"skill_cooldowns\": {\"horizontal_shot\": 1, \"vertical_shot\": 0, \"heal\": 0}, \"unit_counts\": {\"Tank\": 0, \"Knight\": 4, \"AD\": 3}, \"current_round\": 4}", "action": "place_AD_3_3", "round": 4, "timestamp": "2025-07-24T06:16:22.263416"}
{"state": "{\"boss_hp\": 49, \"boss_max_hp\": 70, \"boss_rage\": 3, \"skill_cooldowns\": {\"horizontal_shot\": 1, \"vertical_shot\": 0, \"heal\": 0}, \"unit_counts\": {\"Tank\": 0, \"Knight\": 4, \"AD\": 3}, \"current_round\": 4}", "action": "select_Knight", "round": 4, "timestamp": "2025-07-24T06:16:22.827337"}
{"state": "{\"boss_hp\": 49, \"boss_max_hp\": 70, \"boss_rage\": 3, \"skill_cooldowns\": {\"horizontal_shot\": 1, \"vertical_shot\": 0, \"heal\": 0}, \"unit_counts\": {\"Tank\": 0, \"Knight\": 5, \"AD\": 3}, \"current_round\": 4}", "action": "place_Knight_0_1", "round": 4, "timestamp": "2025-07-24T06:16:23.528972"}
{"state": "{\"boss_hp\": 45, \"boss_max_hp\": 70, \"boss_rage\": 0, \"skill_cooldowns\": {\"horizontal_shot\": 0, \"vertical_shot\": 0, \"heal\": 0}, \"unit_counts\": {\"Tank\": 0, \"Knight\": 0, \"AD\": 2}, \"current_round\": 5}", "action": "select_AD", "round": 5, "timestamp": "2025-07-24T06:16:26.441473"}
{"state": "{\"boss_hp\": 45, \"boss_max_hp\": 70, \"boss_rage\": 0, \"skill_cooldowns\": {\"horizontal_shot\": 0, \"vertical_shot\": 0, \"heal\": 0}, \"unit_counts\": {\"Tank\": 0, \"Knight\": 0, \"AD\": 3}, \"current_round\": 5}", "action": "place_AD_1_2", "round": 5, "timestamp": "2025-07-24T06:16:26.968928"}
{"state": "{\"boss_hp\": 45, \"boss_max_hp\": 70, \"boss_rage\": 0, \"skill_cooldowns\": {\"horizontal_shot\": 0, \"vertical_shot\": 0, \"heal\": 0}, \"unit_counts\": {\"Tank\": 0, \"Knight\": 0, \"AD\": 3}, \"current_round\": 5}", "action": "select_Knight", "round": 5, "timestamp": "2025-07-24T06:16:27.637021"}
{"state": "{\"boss_hp\": 45, \"boss_max_hp\": 70, \"boss_rage\": 0, \"skill_cooldowns\": {\"horizontal_shot\": 0, \"vertical_shot\": 0, \"heal\": 0}, \"unit_counts\": {\"Tank\": 0, \"Knight\": 1, \"AD\": 3}, \"current_round\": 5}", "action": "place_Knight_0_1", "round": 5, "timestamp": "2025-07-24T06:16:28.127836"}
{"state": "{\"boss_hp\": 48, \"boss_max_hp\": 70, \"boss_rage\": 1, \"skill_cooldowns\": {\"horizontal_shot\": 0, \"vertical_shot\": 0, \"heal\": 2}, \"unit_counts\": {\"Tank\": 0, \"Knight\": 1, \"AD\": 3}, \"current_round\": 6}", "action": "select_AD", "round": 6, "timestamp": "2025-07-24T06:16:32.552547"}
{"state": "{\"boss_hp\": 48, \"boss_max_hp\": 70, \"boss_rage\": 1, \"skill_cooldowns\": {\"horizontal_shot\": 0, \"vertical_shot\": 0, \"heal\": 2}, \"unit_counts\": {\"Tank\": 0, \"Knight\": 1, \"AD\": 3}, \"current_round\": 6}", "action": "select_AD", "round": 6, "timestamp": "2025-07-24T06:16:33.456552"}
{"state": "{\"boss_hp\": 48, \"boss_max_hp\": 70, \"boss_rage\": 1, \"skill_cooldowns\": {\"horizontal_shot\": 0, \"vertical_shot\": 0, \"heal\": 2}, \"unit_counts\": {\"Tank\": 0, \"Knight\": 1, \"AD\": 3}, \"current_round\": 6}", "action": "select_AD", "round": 6, "timestamp": "2025-07-24T06:16:34.217234"}
{"state": "{\"boss_hp\": 48, \"boss_max_hp\": 70, \"boss_rage\": 1, \"skill_cooldowns\": {\"horizontal_shot\": 0, \"vertical_shot\": 0, \"heal\": 2}, \"unit_counts\": {\"Tank\": 0, \"Knight\": 1, \"AD\": 4}, \"current_round\": 6}", "action": "place_AD_2_3", "round": 6, "timestamp": "2025-07-24T06:16:34.943151"}
{"state": "{\"boss_hp\": 48, \"boss_max_hp\": 70, \"boss_rage\": 1, \"skill_cooldowns\": {\"horizontal_shot\": 0, \"vertical_shot\": 0, \"heal\": 2}, \"unit_counts\": {\"Tank\": 0, \"Knight\": 1, \"AD\": 4}, \"current_round\": 6}", "action": "select_Knight", "round": 6, "timestamp": "2025-07-24T06:16:35.557907"}
{"state": "{\"boss_hp\": 48, \"boss_max_hp\": 70, \"boss_rage\": 1, \"skill_cooldowns\": {\"horizontal_shot\": 0, \"vertical_shot\": 0, \"heal\": 2}, \"unit_counts\": {\"Tank\": 0, \"Knight\": 2, \"AD\": 4}, \"current_round\": 6}", "action": "place_Knight_1_0", "round": 6, "timestamp": "2025-07-24T06:16:36.931490"}
{"state": "{\"boss_hp\": 40, \"boss_max_hp\": 70, \"boss_rage\": 2, \"skill_cooldowns\": {\"horizontal_shot\": 0, \"vertical_shot\": 0, \"heal\": 1}, \"unit_counts\": {\"Tank\": 0, \"Knight\": 2, \"AD\": 3}, \"current_round\": 7}", "action": "select_AD", "round": 7, "timestamp": "2025-07-24T06:16:39.829162"}
{"state": "{\"boss_hp\": 40, \"boss_max_hp\": 70, \"boss_rage\": 2, \"skill_cooldowns\": {\"horizontal_shot\": 0, \"vertical_shot\": 0, \"heal\": 1}, \"unit_counts\": {\"Tank\": 0, \"Knight\": 2, \"AD\": 4}, \"current_round\": 7}", "action": "place_AD_1_2", "round": 7, "timestamp": "2025-07-24T06:16:40.575846"}
{"state": "{\"boss_hp\": 32, \"boss_max_hp\": 70, \"boss_rage\": 3, \"skill_cooldowns\": {\"horizontal_shot\": 0, \"vertical_shot\": 1, \"heal\": 0}, \"unit_counts\": {\"Tank\": 0, \"Knight\": 2, \"AD\": 3}, \"current_round\": 8}", "action": "select_AD", "round": 8, "timestamp": "2025-07-24T06:16:44.225302"}
{"state": "{\"boss_hp\": 32, \"boss_max_hp\": 70, \"boss_rage\": 3, \"skill_cooldowns\": {\"horizontal_shot\": 0, \"vertical_shot\": 1, \"heal\": 0}, \"unit_counts\": {\"Tank\": 0, \"Knight\": 2, \"AD\": 4}, \"current_round\": 8}", "action": "place_AD_2_0", "round": 8, "timestamp": "2025-07-24T06:16:45.408294"}
{"state": "{\"boss_hp\": 32, \"boss_max_hp\": 70, \"boss_rage\": 3, \"skill_cooldowns\": {\"horizontal_shot\": 0, \"vertical_shot\": 1, \"heal\": 0}, \"unit_counts\": {\"Tank\": 0, \"Knight\": 2, \"AD\": 4}, \"current_round\": 8}", "action": "select_Knight", "round": 8, "timestamp": "2025-07-24T06:16:46.783255"}
{"state": "{\"boss_hp\": 32, \"boss_max_hp\": 70, \"boss_rage\": 3, \"skill_cooldowns\": {\"horizontal_shot\": 0, \"vertical_shot\": 1, \"heal\": 0}, \"unit_counts\": {\"Tank\": 0, \"Knight\": 3, \"AD\": 4}, \"current_round\": 8}", "action": "place_Knight_2_1", "round": 8, "timestamp": "2025-07-24T06:16:47.605787"}
{"state": "{\"boss_hp\": 31, \"boss_max_hp\": 70, \"boss_rage\": 0, \"skill_cooldowns\": {\"horizontal_shot\": 0, \"vertical_shot\": 0, \"heal\": 0}, \"unit_counts\": {\"Tank\": 0, \"Knight\": 1, \"AD\": 0}, \"current_round\": 9}", "action": "select_AD", "round": 9, "timestamp": "2025-07-24T06:16:50.525863"}
{"state": "{\"boss_hp\": 31, \"boss_max_hp\": 70, \"boss_rage\": 0, \"skill_cooldowns\": {\"horizontal_shot\": 0, \"vertical_shot\": 0, \"heal\": 0}, \"unit_counts\": {\"Tank\": 0, \"Knight\": 1, \"AD\": 0}, \"current_round\": 9}", "action": "select_AD", "round": 9, "timestamp": "2025-07-24T06:16:51.360620"}
{"state": "{\"boss_hp\": 31, \"boss_max_hp\": 70, \"boss_rage\": 0, \"skill_cooldowns\": {\"horizontal_shot\": 0, \"vertical_shot\": 0, \"heal\": 0}, \"unit_counts\": {\"Tank\": 0, \"Knight\": 1, \"AD\": 1}, \"current_round\": 9}", "action": "place_AD_1_2", "round": 9, "timestamp": "2025-07-24T06:16:51.900075"}
{"state": "{\"boss_hp\": 31, \"boss_max_hp\": 70, \"boss_rage\": 0, \"skill_cooldowns\": {\"horizontal_shot\": 0, \"vertical_shot\": 0, \"heal\": 0}, \"unit_counts\": {\"Tank\": 0, \"Knight\": 1, \"AD\": 1}, \"current_round\": 9}", "action": "select_Knight", "round": 9, "timestamp": "2025-07-24T06:16:52.488516"}
{"state": "{\"boss_hp\": 31, \"boss_max_hp\": 70, \"boss_rage\": 0, \"skill_cooldowns\": {\"horizontal_shot\": 0, \"vertical_shot\": 0, \"heal\": 0}, \"unit_counts\": {\"Tank\": 0, \"Knight\": 2, \"AD\": 1}, \"current_round\": 9}", "action": "place_Knight_2_1", "round": 9, "timestamp": "2025-07-24T06:16:53.041576"}
